,Northeast/Loads/NE03/plini,Northeast/Loads/NE03/qlini,Northeast/Loads/NE01/plini,Northeast/Loads/NE01/qlini,Northeast/Loads/NE02/plini,Northeast/Loads/NE02/qlini,Northeast/Loads/NE04/plini,Northeast/Loads/NE04/qlini,Northeast/GenStat/NE_W1/pgini,Northeast/GenStat/NE_W1/qgini,Northeast/Generators/NE_G1/pgini,Northeast/Generators/NE_G1/qgini,Northeast/Generators/NE_G2/pgini,Northeast/Generators/NE_G2/qgini,Northeast/Generators/NE_G7/pgini,Northeast/Generators/NE_G7/qgini,Northeast/Generators/NE_G8/pgini,Northeast/Generators/NE_G8/qgini,Northeast/Lines/NE_L1/m:P:bus1,Northeast/Lines/NE_L1/m:Q:bus1,Northeast/Lines/NE_L1/c:loading,Northeast/Lines/NE_L1/n:u:bus1,Northeast/Lines/NE_L2/m:P:bus1,Northeast/Lines/NE_L2/m:Q:bus1,Northeast/Lines/NE_L2/c:loading,Northeast/Lines/NE_L2/n:u:bus1,Northeast/Lines/NE_L3/m:P:bus1,Northeast/Lines/NE_L3/m:Q:bus1,Northeast/Lines/NE_L3/c:loading,Northeast/Lines/NE_L3/n:u:bus1,Northeast/Lines/NE_L4/m:P:bus1,Northeast/Lines/NE_L4/m:Q:bus1,Northeast/Lines/NE_L4/c:loading,Northeast/Lines/NE_L4/n:u:bus1,Northeast/Lines/NE_L5/m:P:bus1,Northeast/Lines/NE_L5/m:Q:bus1,Northeast/Lines/NE_L5/c:loading,Northeast/Lines/NE_L5/n:u:bus1,Northeast/Transformers/NE_Trf_G1/c:loading,Northeast/Transformers/NE_Trf_G2/c:loading,Northeast/Transformers/NE_Trf_Wind_1/c:loading,Northeast/Transformers/NE_Trf_G7/c:loading,Northeast/Transformers/NE_Trf_G8/c:loading,Northwest/Loads/NW01/plini,Northwest/Loads/NW01/qlini,Northwest/Loads/NW02/plini,Northwest/Loads/NW02/qlini,Northwest/Loads/NW03/plini,Northwest/Loads/NW03/qlini,Northwest/GenStat/NW_PV1/pgini,Northwest/GenStat/NW_PV1/qgini,Northwest/Generators/NW_G5/pgini,Northwest/Generators/NW_G5/qgini,Northwest/Generators/NW_G6/pgini,Northwest/Generators/NW_G6/qgini,Northwest/Lines/NW-NE_L1/m:P:bus1,Northwest/Lines/NW-NE_L1/m:Q:bus1,Northwest/Lines/NW-NE_L1/c:loading,Northwest/Lines/NW-NE_L1/n:u:bus1,Northwest/Lines/NW-NE_L2/m:P:bus1,Northwest/Lines/NW-NE_L2/m:Q:bus1,Northwest/Lines/NW-NE_L2/c:loading,Northwest/Lines/NW-NE_L2/n:u:bus1,Northwest/Lines/NW-NE_L3/m:P:bus1,Northwest/Lines/NW-NE_L3/m:Q:bus1,Northwest/Lines/NW-NE_L3/c:loading,Northwest/Lines/NW-NE_L3/n:u:bus1,Northwest/Lines/NW-NE_L4/m:P:bus1,Northwest/Lines/NW-NE_L4/m:Q:bus1,Northwest/Lines/NW-NE_L4/c:loading,Northwest/Lines/NW-NE_L4/n:u:bus1,Northwest/Lines/NW_L1/m:P:bus1,Northwest/Lines/NW_L1/m:Q:bus1,Northwest/Lines/NW_L1/c:loading,Northwest/Lines/NW_L1/n:u:bus1,Northwest/Lines/NW_L2/m:P:bus1,Northwest/Lines/NW_L2/m:Q:bus1,Northwest/Lines/NW_L2/c:loading,Northwest/Lines/NW_L2/n:u:bus1,Northwest/Lines/NW_L3/m:P:bus1,Northwest/Lines/NW_L3/m:Q:bus1,Northwest/Lines/NW_L3/c:loading,Northwest/Lines/NW_L3/n:u:bus1,Northwest/Transformers/NW_Trf_G5/c:loading,Northwest/Transformers/NW_Trf_G6/c:loading,Northwest/Transformers/NW_Trf_PV1/c:loading,Southeast/Loads/SE02/plini,Southeast/Loads/SE02/qlini,Southeast/Loads/SE01/plini,Southeast/Loads/SE01/qlini,Southeast/Loads/SE03/plini,Southeast/Loads/SE03/qlini,Southeast/Loads/SE04/plini,Southeast/Loads/SE04/qlini,Southeast/GenStat/SE_PV1/pgini,Southeast/GenStat/SE_PV1/qgini,Southeast/Generators/SE_G1/pgini,Southeast/Generators/SE_G1/qgini,Southeast/Generators/SE_G2/pgini,Southeast/Generators/SE_G2/qgini,Southeast/Generators/SE_G5/pgini,Southeast/Generators/SE_G5/qgini,Southeast/Generators/SE_G6/pgini,Southeast/Generators/SE_G6/qgini,Southeast/Lines/NE-SE_L1/m:P:bus1,Southeast/Lines/NE-SE_L1/m:Q:bus1,Southeast/Lines/NE-SE_L1/c:loading,Southeast/Lines/NE-SE_L1/n:u:bus1,Southeast/Lines/NE-SE_L2/m:P:bus1,Southeast/Lines/NE-SE_L2/m:Q:bus1,Southeast/Lines/NE-SE_L2/c:loading,Southeast/Lines/NE-SE_L2/n:u:bus1,Southeast/Lines/SE_L1/m:P:bus1,Southeast/Lines/SE_L1/m:Q:bus1,Southeast/Lines/SE_L1/c:loading,Southeast/Lines/SE_L1/n:u:bus1,Southeast/Lines/SE_L2/m:P:bus1,Southeast/Lines/SE_L2/m:Q:bus1,Southeast/Lines/SE_L2/c:loading,Southeast/Lines/SE_L2/n:u:bus1,Southeast/Lines/SE_L3/m:P:bus1,Southeast/Lines/SE_L3/m:Q:bus1,Southeast/Lines/SE_L3/c:loading,Southeast/Lines/SE_L3/n:u:bus1,Southeast/Transformers/SE_Trf_G1/c:loading,Southeast/Transformers/SE_Trf_G2/c:loading,Southeast/Transformers/SE_Trf_PV1/c:loading,Southeast/Transformers/SE_Trf_G5/c:loading,Southeast/Transformers/SE_Trf_G6/c:loading,Southwest/Loads/SW05/plini,Southwest/Loads/SW05/qlini,Southwest/Loads/SW06/plini,Southwest/Loads/SW06/qlini,Southwest/GenStat/SW_W1/pgini,Southwest/GenStat/SW_W1/qgini,Southwest/GenStat/SW_W2/pgini,Southwest/GenStat/SW_W2/qgini,Southwest/Generators/SW_G1/pgini,Southwest/Generators/SW_G1/qgini,Southwest/Generators/SW_G2/pgini,Southwest/Generators/SW_G2/qgini,Southwest/Generators/SW_G3/pgini,Southwest/Generators/SW_G3/qgini,Southwest/Generators/SW_G4/pgini,Southwest/Generators/SW_G4/qgini,Southwest/Generators/SW_G5/pgini,Southwest/Generators/SW_G5/qgini,Southwest/Generators/SW_G6/pgini,Southwest/Generators/SW_G6/qgini,Southwest/Generators/SW_G7/pgini,Southwest/Generators/SW_G7/qgini,Southwest/Generators/SW_G8/pgini,Southwest/Generators/SW_G8/qgini,Southwest/Lines/NE-SW_L1/m:P:bus1,Southwest/Lines/NE-SW_L1/m:Q:bus1,Southwest/Lines/NE-SW_L1/c:loading,Southwest/Lines/NE-SW_L1/n:u:bus1,Southwest/Lines/NW-SW_L1/m:P:bus1,Southwest/Lines/NW-SW_L1/m:Q:bus1,Southwest/Lines/NW-SW_L1/c:loading,Southwest/Lines/NW-SW_L1/n:u:bus1,Southwest/Lines/NW-SW_L2/m:P:bus1,Southwest/Lines/NW-SW_L2/m:Q:bus1,Southwest/Lines/NW-SW_L2/c:loading,Southwest/Lines/NW-SW_L2/n:u:bus1,Southwest/Lines/SW_L1/m:P:bus1,Southwest/Lines/SW_L1/m:Q:bus1,Southwest/Lines/SW_L1/c:loading,Southwest/Lines/SW_L1/n:u:bus1,Southwest/Lines/SW_L2/m:P:bus1,Southwest/Lines/SW_L2/m:Q:bus1,Southwest/Lines/SW_L2/c:loading,Southwest/Lines/SW_L2/n:u:bus1,Southwest/Lines/SW_L3/m:P:bus1,Southwest/Lines/SW_L3/m:Q:bus1,Southwest/Lines/SW_L3/c:loading,Southwest/Lines/SW_L3/n:u:bus1,Southwest/Lines/SW_L4/m:P:bus1,Southwest/Lines/SW_L4/m:Q:bus1,Southwest/Lines/SW_L4/c:loading,Southwest/Lines/SW_L4/n:u:bus1,Southwest/Lines/SW_L5/m:P:bus1,Southwest/Lines/SW_L5/m:Q:bus1,Southwest/Lines/SW_L5/c:loading,Southwest/Lines/SW_L5/n:u:bus1,Southwest/Transformers/SW_Trf_G1/c:loading,Southwest/Transformers/SW_Trf_G2/c:loading,Southwest/Transformers/SW_Trf_G3/c:loading,Southwest/Transformers/SW_Trf_G4/c:loading,Southwest/Transformers/SW_Trf_Wind1/c:loading,Southwest/Transformers/SW_Trf_Wind2/c:loading,Southwest/Transformers/SW_Trf_G5/c:loading,Southwest/Transformers/SW_Trf_G6/c:loading,Southwest/Transformers/SW_Trf_PV12/c:loading,Southwest/Transformers/SW_Trf_PV34/c:loading,Southwest/Transformers/SW_Trf_G7/c:loading,Southwest/Transformers/SW_Trf_G8/c:loading,Boundaries/NE-SE Interconnector/c:Pinter,Boundaries/NE-SE Interconnector/c:Qinter,Boundaries/NE-SE Interconnector(1)/c:Pinter,Boundaries/NE-SE Interconnector(1)/c:Qinter,Boundaries/NE-SW Interconnector/c:Pinter,Boundaries/NE-SW Interconnector/c:Qinter,Boundaries/NW-NE Interconnector/c:Pinter,Boundaries/NW-NE Interconnector/c:Qinter,Boundaries/NW-SW Interconnector/c:Pinter,Boundaries/NW-SW Interconnector/c:Qinter,Boundaries/South East/c:Pinter,Boundaries/South East/c:Qinter,Boundaries/South West/c:Pinter,Boundaries/South West/c:Qinter,Boundaries/Substations SW_01 and SW_02/c:Pinter,Boundaries/Substations SW_01 and SW_02/c:Qinter
0,24.0,2.4000000953674316,18.0,1.7999999523162842,24.0,2.4000000953674316,48.0,4.800000190734863,0.699999988079071,0.0,15.55199909210205,0.0,15.55199909210205,0.0,532.7999877929688,0.0,532.7999877929688,0.0,135.3807149863206,-70.51985219330493,27.271855407406832,1.009861617669107,135.38071520098688,-70.51985170111236,27.271855395817497,1.0098616178534843,722.743117297525,-179.19908855694842,107.43518394351045,1.0003957720518684,-288.18723191577635,40.80181044061641,42.712676309135325,1.009861617669107,261.16409496301696,-108.25764316797226,40.78990226049285,1.0003957720518684,2.492001488359208,3.4248017871987577,4.652455730198417,66.6698737932385,66.6696402866661,24.0,2.4000000953674316,42.0,4.199999809265137,30.0,3.0,1.000000013351432e-10,0.0,20.459518432617188,0.0,20.459518432617188,0.0,-153.98147064569278,27.778618282993307,22.607971755905755,1.0119063865561704,-154.93628011070982,24.868856684984905,22.647329938958293,1.0119063865674602,219.01335711640945,-55.24642481836909,32.283719331172335,1.0098616178534843,219.0133568737752,-55.24642577112854,72.15102212714999,1.009861617669107,2.018189955960551,-74.11210105135653,5.298097268497756,1.009902742868827,143.51198875788623,-33.79761196089672,21.030448363661694,1.0119063865674602,-143.22193889877911,-14.491363291233476,21.030448322911287,1.0113579875985594,9.00622983414176,0.10096388445803182,0.091577219333169,28.799999237060547,2.880000114440918,24.0,2.4000000953674316,24.0,2.4000000953674316,4.199999809265137,0.41999998688697815,1.000000013351432e-10,0.0,15.55199909210205,0.0,15.55199909210205,0.0,20.459518432617188,0.0,20.459518432617188,0.0,12.35521627848884,-38.25081465401253,9.418610395203517,1.0151094604495245,12.35521608010234,-38.25081493315749,9.418610349761144,1.015109460346274,2.486273621544825,-112.56681489877494,13.598201430484455,0.9959394441245915,-1.0249194263966146,68.58308364285267,17.075171704438763,1.0105954767397909,1.561161639406274,-25.70595029396756,3.7323257976311273,0.9959394441245915,7.8230868222215335,7.8230869835549885,0.0903229053953183,8.705815127048746,8.705815127025836,24.0,2.4000000953674316,48.0,4.800000190734863,0.5833449959754944,0.0,0.5833449959754944,0.0,15.55199909210205,0.0,15.55199909210205,0.0,15.55199909210205,0.0,15.55199909210205,0.0,20.459518432617188,0.0,20.459518432617188,0.0,20.459518432617188,0.0,20.459518432617188,0.0,203.64550585958543,-13.115095171498481,30.631870653049027,1.015109460346274,325.7916745592612,58.442461589367156,58.654540044759194,1.0113579876042043,325.25763175481904,64.92595201364256,58.803808589828435,1.0113579875985594,-106.07967004458955,-72.4120165788655,18.587598792109958,0.9973569890336889,108.31635284363226,48.97908214137894,18.48847897326616,1.0028454260534334,108.31635330418739,48.97907937049091,18.488478816918327,1.0028454258955408,97.69137374268216,65.60384780716716,17.42301775747858,0.998562345960638,97.69136843602757,65.60388407816475,17.423020206896734,0.9985623459726073,5.138958693889325,5.138958621407978,4.872183072844641,4.873738188349836,6.24659414372726,5.949151983996508,0.09983014110379149,0.09983014110504515,0.2733578600092331,0.27335786000593537,7.789978191480121,120.05588011886508,24.710432358591177,-76.50162958717002,-24.710432358591177,76.50162958717002,203.64550585958543,-13.115095171498481,-747.7797941482742,201.8602344486028,647.3669504649295,139.6334740305203,24.710432358591177,-76.50162958717002,854.6948121736657,110.25331843151123,-97.77601399543065,-226.3024810830104
1,24.0,2.4000000953674316,18.0,1.7999999523162842,24.0,2.4000000953674316,48.0,4.800000190734863,0.699999988079071,0.0,15.55199909210205,0.0,15.55199909210205,0.0,532.7999877929688,0.0,532.7999877929688,0.0,135.3807149863206,-70.51985219330493,27.271855407406832,1.009861617669107,135.38071520098688,-70.51985170111236,27.271855395817497,1.0098616178534843,722.743117297525,-179.19908855694842,107.43518394351045,1.0003957720518684,-288.18723191577635,40.80181044061641,42.712676309135325,1.009861617669107,261.16409496301696,-108.25764316797226,40.78990226049285,1.0003957720518684,2.492001488359208,3.4248017871987577,4.652455730198417,66.6698737932385,66.6696402866661,24.0,2.4000000953674316,42.0,4.199999809265137,30.0,3.0,1.000000013351432e-10,0.0,20.459518432617188,0.0,20.459518432617188,0.0,-153.98147064569278,27.778618282993307,22.607971755905755,1.0119063865561704,-154.93628011070982,24.868856684984905,22.647329938958293,1.0119063865674602,219.01335711640945,-55.24642481836909,32.283719331172335,1.0098616178534843,219.0133568737752,-55.24642577112854,72.15102212714999,1.009861617669107,2.018189955960551,-74.11210105135653,5.298097268497756,1.009902742868827,143.51198875788623,-33.79761196089672,21.030448363661694,1.0119063865674602,-143.22193889877911,-14.491363291233476,21.030448322911287,1.0113579875985594,9.00622983414176,0.10096388445803182,0.091577219333169,28.799999237060547,2.880000114440918,24.0,2.4000000953674316,24.0,2.4000000953674316,4.199999809265137,0.41999998688697815,1.000000013351432e-10,0.0,15.55199909210205,0.0,15.55199909210205,0.0,20.459518432617188,0.0,20.459518432617188,0.0,12.35521627848884,-38.25081465401253,9.418610395203517,1.0151094604495245,12.35521608010234,-38.25081493315749,9.418610349761144,1.015109460346274,2.486273621544825,-112.56681489877494,13.598201430484455,0.9959394441245915,-1.0249194263966146,68.58308364285267,17.075171704438763,1.0105954767397909,1.561161639406274,-25.70595029396756,3.7323257976311273,0.9959394441245915,7.8230868222215335,7.8230869835549885,0.0903229053953183,8.705815127048746,8.705815127025836,24.0,2.4000000953674316,48.0,4.800000190734863,0.5833449959754944,0.0,0.5833449959754944,0.0,15.55199909210205,0.0,15.55199909210205,0.0,15.55199909210205,0.0,15.55199909210205,0.0,20.459518432617188,0.0,20.459518432617188,0.0,20.459518432617188,0.0,20.459518432617188,0.0,203.64550585958543,-13.115095171498481,30.631870653049027,1.015109460346274,325.7916745592612,58.442461589367156,58.654540044759194,1.0113579876042043,325.25763175481904,64.92595201364256,58.803808589828435,1.0113579875985594,-106.07967004458955,-72.4120165788655,18.587598792109958,0.9973569890336889,108.31635284363226,48.97908214137894,18.48847897326616,1.0028454260534334,108.31635330418739,48.97907937049091,18.488478816918327,1.0028454258955408,97.69137374268216,65.60384780716716,17.42301775747858,0.998562345960638,97.69136843602757,65.60388407816475,17.423020206896734,0.9985623459726073,5.138958693889325,5.138958621407978,4.872183072844641,4.873738188349836,6.24659414372726,5.949151983996508,0.09983014110379149,0.09983014110504515,0.2733578600092331,0.27335786000593537,7.789978191480121,120.05588011886508,24.710432358591177,-76.50162958717002,-24.710432358591177,76.50162958717002,203.64550585958543,-13.115095171498481,-747.7797941482742,201.8602344486028,647.3669504649295,139.6334740305203,24.710432358591177,-76.50162958717002,854.6948121736657,110.25331843151123,-97.77601399543065,-226.3024810830104
2,36.0,3.5999999046325684,27.0,2.700000047683716,36.0,3.5999999046325684,72.0,7.199999809265137,0.9799999594688416,0.0,23.327999114990234,0.0,23.327999114990234,0.0,532.7999877929688,0.0,532.7999877929688,0.0,139.4995027225599,-70.3242667078423,27.92078373137126,1.0095007594532628,139.49950292932368,-70.32426626922063,27.920783724506798,1.0095007596186312,711.9259153589392,-180.11181726845382,106.00292737779233,0.9999267493453273,-289.72150281934006,40.25447620666833,42.91618569776124,1.0095007594532628,248.0766229761917,-109.84226389761072,39.16261997565807,0.9999267493453273,3.6839017790179187,4.446177935516273,6.515735229334703,66.70296240080478,66.70272878175155,36.0,3.5999999046325684,63.0,6.300000190734863,45.0,4.5,1.000000013351432e-10,0.0,30.68927764892578,0.0,30.68927764892578,0.0,-152.61859358300532,27.89025748412459,22.43855012389532,1.0115874890974,-153.57262940457332,25.00721509025162,22.477521869628113,1.0115874891138383,212.8566713576077,-55.611350821681924,31.455604532065813,1.0095007596186312,212.85667112488483,-55.611351693041385,70.30026482586067,1.0095007594532628,3.55973655015422,-72.8984029269986,5.216937705516066,1.009645520051558,136.94369480812625,-33.928804041303614,20.13048222864178,1.0115874891138383,-136.6793055771982,-14.611454619615053,20.13048218828108,1.0111333472760424,8.867701650817834,0.1009381688979316,0.09155389456193926,43.20000076293945,4.320000171661377,36.0,3.5999999046325684,36.0,3.5999999046325684,6.300000190734863,0.6299999952316284,1.000000013351432e-10,0.0,23.327999114990234,0.0,23.327999114990234,0.0,30.68927764892578,0.0,30.68927764892578,0.0,18.054032787693288,-38.49495553264012,9.555337695793984,1.0146782844383997,18.054032589811275,-38.494955764433726,9.55533765548244,1.0146782843455124,4.120165073487534,-111.43146956376738,13.470802264608961,0.9956556970884999,-2.0434747026921514,67.522657027556,16.927330401775553,1.010097167687942,2.331941428364116,-25.513260890401007,3.714006997682441,0.9956556970884999,8.106584230154443,8.106584683336536,0.09029363142126512,8.782488441002146,8.782488441038783,36.0,3.5999999046325684,72.0,7.199999809265137,0.8166829943656921,0.0,0.8166829943656921,0.0,23.327999114990234,0.0,23.327999114990234,0.0,23.327999114990234,0.0,23.327999114990234,0.0,30.68927764892578,0.0,30.68927764892578,0.0,30.68927764892578,0.0,30.68927764892578,0.0,179.53754577611568,-14.71962559670304,27.41477095471001,1.0146782843455124,295.2300399049297,57.14290853454878,53.442115649180565,1.0111333472846242,294.65652871547593,63.029419443010966,53.57917287652811,1.0111333472760424,-115.253084447652,-70.73299902875169,19.563467538579385,0.9976955120239721,118.70363456815332,47.55750138662075,19.657069737468888,1.0031220140160768,118.7036350311696,47.55749860622345,19.657069599546308,1.0031220138635792,102.08975904978368,63.45994680107756,17.762379795479536,0.9988732068450057,102.0897540213822,63.459982992286214,17.76238210475549,0.998873206862954,5.659590686180235,5.659590487186147,5.095365499768121,5.098750026546354,8.74282183472219,8.326480623485777,0.09986121906927137,0.09986121907128559,0.27327278887862877,0.27327278887377715,8.461877165247708,112.91927532447643,36.10806537750456,-76.98991129707385,-36.10806537750456,76.98991129707385,179.53754577611568,-14.71962559670304,-732.7268490176834,202.909980107277,586.8383381321529,141.31476666394104,36.10806537750456,-76.98991129707385,769.4241143965213,105.4527023808567,-139.8524804942328,-221.9284590619688
3,36.0,3.5999999046325684,27.0,2.700000047683716,36.0,3.5999999046325684,72.0,7.199999809265137,0.9799999594688416,0.0,23.327999114990234,0.0,23.327999114990234,0.0,532.7999877929688,0.0,532.7999877929688,0.0,139.4995027225599,-70.3242667078423,27.92078373137126,1.0095007594532628,139.49950292932368,-70.32426626922063,27.920783724506798,1.0095007596186312,711.9259153589392,-180.11181726845382,106.00292737779233,0.9999267493453273,-289.72150281934006,40.25447620666833,42.91618569776124,1.0095007594532628,248.0766229761917,-109.84226389761072,39.16261997565807,0.9999267493453273,3.6839017790179187,4.446177935516273,6.515735229334703,66.70296240080478,66.70272878175155,36.0,3.5999999046325684,63.0,6.300000190734863,45.0,4.5,1.000000013351432e-10,0.0,30.68927764892578,0.0,30.68927764892578,0.0,-152.61859358300532,27.89025748412459,22.43855012389532,1.0115874890974,-153.57262940457332,25.00721509025162,22.477521869628113,1.0115874891138383,212.8566713576077,-55.611350821681924,31.455604532065813,1.0095007596186312,212.85667112488483,-55.611351693041385,70.30026482586067,1.0095007594532628,3.55973655015422,-72.8984029269986,5.216937705516066,1.009645520051558,136.94369480812625,-33.928804041303614,20.13048222864178,1.0115874891138383,-136.6793055771982,-14.611454619615053,20.13048218828108,1.0111333472760424,8.867701650817834,0.1009381688979316,0.09155389456193926,43.20000076293945,4.320000171661377,36.0,3.5999999046325684,36.0,3.5999999046325684,6.300000190734863,0.6299999952316284,1.000000013351432e-10,0.0,23.327999114990234,0.0,23.327999114990234,0.0,30.68927764892578,0.0,30.68927764892578,0.0,18.054032787693288,-38.49495553264012,9.555337695793984,1.0146782844383997,18.054032589811275,-38.494955764433726,9.55533765548244,1.0146782843455124,4.120165073487534,-111.43146956376738,13.470802264608961,0.9956556970884999,-2.0434747026921514,67.522657027556,16.927330401775553,1.010097167687942,2.331941428364116,-25.513260890401007,3.714006997682441,0.9956556970884999,8.106584230154443,8.106584683336536,0.09029363142126512,8.782488441002146,8.782488441038783,36.0,3.5999999046325684,72.0,7.199999809265137,0.8166829943656921,0.0,0.8166829943656921,0.0,23.327999114990234,0.0,23.327999114990234,0.0,23.327999114990234,0.0,23.327999114990234,0.0,30.68927764892578,0.0,30.68927764892578,0.0,30.68927764892578,0.0,30.68927764892578,0.0,179.53754577611568,-14.71962559670304,27.41477095471001,1.0146782843455124,295.2300399049297,57.14290853454878,53.442115649180565,1.0111333472846242,294.65652871547593,63.029419443010966,53.57917287652811,1.0111333472760424,-115.253084447652,-70.73299902875169,19.563467538579385,0.9976955120239721,118.70363456815332,47.55750138662075,19.657069737468888,1.0031220140160768,118.7036350311696,47.55749860622345,19.657069599546308,1.0031220138635792,102.08975904978368,63.45994680107756,17.762379795479536,0.9988732068450057,102.0897540213822,63.459982992286214,17.76238210475549,0.998873206862954,5.659590686180235,5.659590487186147,5.095365499768121,5.098750026546354,8.74282183472219,8.326480623485777,0.09986121906927137,0.09986121907128559,0.27327278887862877,0.27327278887377715,8.461877165247708,112.91927532447643,36.10806537750456,-76.98991129707385,-36.10806537750456,76.98991129707385,179.53754577611568,-14.71962559670304,-732.7268490176834,202.909980107277,586.8383381321529,141.31476666394104,36.10806537750456,-76.98991129707385,769.4241143965213,105.4527023808567,-139.8524804942328,-221.9284590619688
4,36.0,3.5999999046325684,27.0,2.700000047683716,36.0,3.5999999046325684,72.0,7.199999809265137,1.1200000047683716,0.0,23.327999114990234,0.0,23.327999114990234,0.0,532.7999877929688,0.0,532.7999877929688,0.0,140.00689406533513,-70.39225955126277,28.010335716872074,1.0093893869545345,140.00689426951206,-70.39225913824743,28.01033571182573,1.0093893871163722,711.9203524918975,-179.88127962179547,106.00403158440767,0.9998320460217741,-289.72662587220316,39.95633473689695,42.909808944501634,1.0093893869545345,248.08204932837828,-110.09440794199536,39.18179661205408,0.9998320460217741,3.69548968891746,4.473393909257296,7.447392678474735,66.70964772027624,66.70941408060412,36.0,3.5999999046325684,63.0,6.300000190734863,45.0,4.5,1.000000013351432e-10,0.0,30.68927764892578,0.0,30.68927764892578,0.0,-153.8575938168093,27.9480639001112,22.608078909728917,1.0114578558840728,-154.8153569936619,25.04104748550853,22.647443324074036,1.011457855900515,214.67990707636824,-55.37361303731656,31.702882588077273,1.0093893871163722,214.67990684623155,-55.373613890909255,70.85290760690938,1.0093893869545345,3.5600956307620706,-72.38819150566694,5.1810593424534135,1.0095390735141425,138.18482677128702,-33.72575150720044,20.298131914395583,1.011457855900515,-137.9156164883954,-14.74668983667813,20.298131873754258,1.0109597284803205,8.805612461312036,0.10092752702581297,0.09154424207029799,43.20000076293945,4.320000171661377,36.0,3.5999999046325684,36.0,3.5999999046325684,6.300000190734863,0.6299999952316284,1.000000013351432e-10,0.0,23.327999114990234,0.0,23.327999114990234,0.0,30.68927764892578,0.0,30.68927764892578,0.0,18.053352469353573,-38.663435135926036,9.530632200918184,1.0145734566815645,18.053352271548377,-38.66343536928694,9.530632160369521,1.0145734565881688,4.1202123454571264,-111.25308225444203,13.449533598270477,0.9956359564137575,-2.0440586171759776,67.33657770420974,16.9009632333613,1.0100470999529376,2.3319708350822843,-25.500436260963568,3.712229556407457,0.9956359564137575,8.093910732867538,8.093911186986762,0.09029167290974842,8.771223613214897,8.771223613274023,36.0,3.5999999046325684,72.0,7.199999809265137,0.933351993560791,0.0,0.933351993560791,0.0,23.327999114990234,0.0,23.327999114990234,0.0,23.327999114990234,0.0,23.327999114990234,0.0,30.68927764892578,0.0,30.68927764892578,0.0,30.68927764892578,0.0,30.68927764892578,0.0,180.5493677157521,-14.579109449696503,27.555187021086304,1.0145734565881688,298.2741494433005,57.30118772334559,53.97172854779806,1.0109597284889054,297.7040430535166,63.24721237417785,54.1100247095506,1.0109597284803205,-120.34830703018528,-71.25195874963792,20.23833000458971,0.9974595958803643,123.80877862654788,48.187091475882916,20.344117339722267,1.0029686916414964,123.80877908933824,48.18708864658195,20.34411720388182,1.0029686914859308,107.18767383778803,64.00086236335298,18.42479641538781,0.998653211587333,107.18766874670597,64.000899406511,18.424798694680153,0.9986532116052851,5.733698166035093,5.7336979706701685,5.17769501048742,5.181024713764371,9.993390520957515,9.517463774545014,0.09983922529211478,0.09983922529392375,0.2733329879689778,0.2733329879639806,8.338426513106189,115.59949568084988,36.10670474090195,-77.32687050521298,-36.10670474090195,77.32687050521298,180.5493677157521,-14.579109449696503,-738.8679860105062,202.41597426594063,592.868241930684,141.19844436847663,36.10670474090195,-77.32687050521298,776.5275602125691,105.96929064782694,-154.12841018733474,-223.34828517213606
5,36.0,3.5999999046325684,27.0,2.700000047683716,36.0,3.5999999046325684,72.0,7.199999809265137,1.1200000047683716,0.0,23.327999114990234,0.0,23.327999114990234,0.0,532.7999877929688,0.0,532.7999877929688,0.0,140.00689406533513,-70.39225955126277,28.010335716872074,1.0093893869545345,140.00689426951206,-70.39225913824743,28.01033571182573,1.0093893871163722,711.9203524918975,-179.88127962179547,106.00403158440767,0.9998320460217741,-289.72662587220316,39.95633473689695,42.909808944501634,1.0093893869545345,248.08204932837828,-110.09440794199536,39.18179661205408,0.9998320460217741,3.69548968891746,4.473393909257296,7.447392678474735,66.70964772027624,66.70941408060412,36.0,3.5999999046325684,63.0,6.300000190734863,45.0,4.5,1.000000013351432e-10,0.0,30.68927764892578,0.0,30.68927764892578,0.0,-153.8575938168093,27.9480639001112,22.608078909728917,1.0114578558840728,-154.8153569936619,25.04104748550853,22.647443324074036,1.011457855900515,214.67990707636824,-55.37361303731656,31.702882588077273,1.0093893871163722,214.67990684623155,-55.373613890909255,70.85290760690938,1.0093893869545345,3.5600956307620706,-72.38819150566694,5.1810593424534135,1.0095390735141425,138.18482677128702,-33.72575150720044,20.298131914395583,1.011457855900515,-137.9156164883954,-14.74668983667813,20.298131873754258,1.0109597284803205,8.805612461312036,0.10092752702581297,0.09154424207029799,43.20000076293945,4.320000171661377,36.0,3.5999999046325684,36.0,3.5999999046325684,6.300000190734863,0.6299999952316284,1.000000013351432e-10,0.0,23.327999114990234,0.0,23.327999114990234,0.0,30.68927764892578,0.0,30.68927764892578,0.0,18.053352469353573,-38.663435135926036,9.530632200918184,1.0145734566815645,18.053352271548377,-38.66343536928694,9.530632160369521,1.0145734565881688,4.1202123454571264,-111.25308225444203,13.449533598270477,0.9956359564137575,-2.0440586171759776,67.33657770420974,16.9009632333613,1.0100470999529376,2.3319708350822843,-25.500436260963568,3.712229556407457,0.9956359564137575,8.093910732867538,8.093911186986762,0.09029167290974842,8.771223613214897,8.771223613274023,36.0,3.5999999046325684,72.0,7.199999809265137,0.933351993560791,0.0,0.933351993560791,0.0,23.327999114990234,0.0,23.327999114990234,0.0,23.327999114990234,0.0,23.327999114990234,0.0,30.68927764892578,0.0,30.68927764892578,0.0,30.68927764892578,0.0,30.68927764892578,0.0,180.5493677157521,-14.579109449696503,27.555187021086304,1.0145734565881688,298.2741494433005,57.30118772334559,53.97172854779806,1.0109597284889054,297.7040430535166,63.24721237417785,54.1100247095506,1.0109597284803205,-120.34830703018528,-71.25195874963792,20.23833000458971,0.9974595958803643,123.80877862654788,48.187091475882916,20.344117339722267,1.0029686916414964,123.80877908933824,48.18708864658195,20.34411720388182,1.0029686914859308,107.18767383778803,64.00086236335298,18.42479641538781,0.998653211587333,107.18766874670597,64.000899406511,18.424798694680153,0.9986532116052851,5.733698166035093,5.7336979706701685,5.17769501048742,5.181024713764371,9.993390520957515,9.517463774545014,0.09983922529211478,0.09983922529392375,0.2733329879689778,0.2733329879639806,8.338426513106189,115.59949568084988,36.10670474090195,-77.32687050521298,-36.10670474090195,77.32687050521298,180.5493677157521,-14.579109449696503,-738.8679860105062,202.41597426594063,592.868241930684,141.19844436847663,36.10670474090195,-77.32687050521298,776.5275602125691,105.96929064782694,-154.12841018733474,-223.34828517213606
6,60.0,6.0,45.0,4.5,60.0,6.0,120.0,12.0,1.1200000047683716,0.0,38.87999725341797,0.0,38.87999725341797,0.0,532.7999877929688,0.0,532.7999877929688,0.0,146.20490269152498,-67.38778167533965,28.753640922443196,1.010156809455463,146.20490285850704,-67.3877812639983,28.753640914851232,1.010156809593331,690.4141764564646,-169.63540422465985,102.476937508748,1.0013627772267322,-292.6874751028753,38.46709852594236,43.23000268987971,1.010156809455463,221.78651789755529,-101.49368362186283,35.15691442480312,1.0013627772267322,5.986493907087824,6.343857962842783,7.441734514600505,65.92027261670566,66.60152908489057,60.0,6.0,105.0,10.5,75.0,7.5,9.999999960041972e-12,0.0,51.14879608154297,0.0,51.14879608154297,0.0,-146.23794217801273,25.411849651769586,21.47459328864643,1.0120575671335181,-147.13034843874664,22.647637499808333,21.51133178878509,1.012057567160207,195.07675660936764,-54.500807452292094,28.94118817442776,1.010156809593331,195.0767564193161,-54.5008082165096,64.68078498316521,1.010156809455463,6.639704259947543,-74.83435824931551,5.368021828410026,1.01004071685873,120.11980096025206,-33.651096587175545,17.790788190796476,1.012057567160207,-119.91642211649392,-15.607295676849034,17.79078815341405,1.0117444608132853,9.133184771846032,0.10097767825185307,0.09158973071053794,72.0,7.199999809265137,60.0,6.0,60.0,6.0,10.5,1.0499999523162842,9.999999960041972e-12,0.0,38.87999725341797,0.0,38.87999725341797,0.0,51.14879608154297,0.0,51.14879608154297,0.0,29.465638308913846,-37.34371475256598,10.24394979234773,1.0147982728249871,29.465638116048456,-37.343714885296286,10.24394976333817,1.0147982727544373,7.385786117813808,-110.82487238633837,13.423295443247927,0.9952644901123694,-4.073035825747521,67.14781128898892,16.8826639293408,1.0095599960473014,3.8733945295072214,-25.240153203768784,3.7032880081303094,0.9952644901123694,9.2621559270213,9.262156798899179,0.09025254047952296,9.307339611159557,9.30733961114046,60.0,6.0,120.0,12.0,0.933351993560791,0.0,0.933351993560791,0.0,38.87999725341797,0.0,38.87999725341797,0.0,38.87999725341797,0.0,38.87999725341797,0.0,51.14879608154297,0.0,51.14879608154297,0.0,51.14879608154297,0.0,51.14879608154297,0.0,128.24717958801182,-15.762812519846229,20.897553811577502,1.0147982727544373,225.04271429402763,57.89725776050692,41.74832947294917,1.0117444608276875,224.30566846022936,62.42073675716307,41.857658456377166,1.0117444608132853,-118.26577652261271,-65.69485344870456,19.542917285491505,0.9991863042216123,124.11513744178009,42.71970919306918,19.993074514078987,1.0042317997539827,124.11513792265198,42.719706540751616,19.993074405513546,1.0042317996215568,95.54317606864792,57.42733388498709,16.470651411882482,1.0002589721466761,95.54317165019944,57.42736735905885,16.470653520633057,1.0002589721765485,7.03991544444456,7.039914908208889,5.707370032977834,5.715838905137495,9.980819215512913,9.505491887556593,0.09999975938786783,0.09999975939081401,0.27289419939064374,0.2728941993824851,10.532699254556809,90.86411612171588,58.931276424962306,-74.68742963786227,-58.931276424962306,74.68742963786227,128.24717958801182,-15.762812519846229,-684.2740003028551,196.43971512882587,447.51061869049545,150.85447344471237,58.931276424962306,-74.68742963786227,577.5955623422687,104.55518199782375,-181.06838918308344,-205.96254965058304
7,72.0,7.199999809265137,54.0,5.400000095367432,72.0,7.199999809265137,144.0,14.399999618530273,0.699999988079071,0.0,46.65599822998047,0.0,46.65599822998047,0.0,532.7999877929688,0.0,532.7999877929688,0.0,147.79340340929875,-65.5880739325055,28.89044279603085,1.0097803167372452,147.79340356862429,-65.58807344571338,28.890442782862248,1.009780316873837,679.642878713021,-158.39430199284448,100.5417943900275,1.001840664729307,-294.18343479109114,34.38637712559327,43.30266230238185,1.0097803167372452,208.65631650479023,-96.38360152686289,33.11385603486167,1.001840664729307,7.19065126353072,7.469960720826589,4.6528302952846285,65.94972633710003,65.94947490403786,72.0,7.199999809265137,126.0,12.600000381469727,90.0,9.0,2.999999901276418e-11,0.0,61.37855529785156,0.0,61.37855529785156,0.0,-138.75013058389519,22.58637632004087,20.368971734058725,1.0114709502324937,-139.57162809015819,19.961732915728142,20.40316314624452,1.0114709502643084,179.7679090217075,-50.713441106825826,26.698860236007317,1.009780316873837,179.76790885003635,-50.71344188015014,59.66939671003535,1.0097803167372452,8.181963328139702,-72.56766675254399,5.220377797380312,1.0095635975957962,107.3920189842511,-30.388240858586478,15.926627586810982,1.0114709502643084,-107.22966301292398,-19.23842397438952,15.926627549473729,1.0108042147378289,8.879999790199369,0.10092997879306106,0.0915464658955305,86.4000015258789,8.640000343322754,72.0,7.199999809265137,72.0,7.199999809265137,12.600000381469727,1.2599999904632568,2.999999901276418e-11,0.0,46.65599822998047,0.0,46.65599822998047,0.0,61.37855529785156,0.0,61.37855529785156,0.0,35.17051688979558,-37.90726306817449,10.510121785193615,1.0141307201585152,35.17051670495037,-37.907263146286525,10.510121762539292,1.0141307201008223,9.017944839037384,-109.27969506228035,13.256226906579618,0.9949273888952793,-5.090890046825596,65.67034233131403,16.679346770156446,1.0089387717743492,4.644509055615085,-25.01065485003482,3.690414470274697,0.9949273888952793,9.951498855003441,9.951500304843181,0.09021794007920349,9.619270217447658,9.619270217514106,72.0,7.199999809265137,144.0,14.399999618530273,0.5833449959754944,0.0,0.5833449959754944,0.0,46.65599822998047,0.0,46.65599822998047,0.0,46.65599822998047,0.0,46.65599822998047,0.0,61.37855529785156,0.0,61.37855529785156,0.0,61.37855529785156,0.0,61.37855529785156,0.0,99.08887172051666,-13.283815407726252,17.70360204971557,1.0141307201008223,179.3389258361766,64.90451220446755,34.8883645104048,1.0108042147550855,178.36893235654534,68.55417175993594,34.9807020123304,1.0108042147378289,-101.91154315813,-71.5286270226982,18.00703285216592,0.9980111482447042,108.93919103041947,48.498975431610006,18.51868053789599,1.0033930378908027,108.93919162215823,48.498973004531294,18.518680425343362,1.0033930377789058,74.40908121194612,62.75041267405808,14.538706084222982,0.9991381872159683,74.4090787402471,62.75044166538166,14.538708639717187,0.9991381872518552,8.341467814155738,8.341467268525154,6.714834913942489,6.725213891984925,6.243185148809584,5.945905361298629,0.09988771018201084,0.09988771018582782,0.273200315341361,0.27320031533153444,17.32198796001559,70.66619673411087,70.34103359474595,-75.81452621446101,-70.34103359474595,75.81452621446101,99.08887172051666,-13.283815407726252,-638.5332879181849,183.8982899302781,356.44669284884947,168.33179955374007,70.34103359474595,-75.81452621446101,456.7967299132386,120.17486855667724,-151.61262073293508,-220.03112233549544
8,96.0,9.600000381469727,72.0,7.199999809265137,96.0,9.600000381469727,192.0,19.200000762939453,0.699999988079071,0.0,62.2079963684082,0.0,62.2079963684082,0.0,532.7999877929688,0.0,532.7999877929688,0.0,154.03391391592058,-64.3126884429642,29.846544713996813,1.009034236028611,154.03391406806753,-64.31268796087897,29.846544702555278,1.0090342361413327,658.0238916012031,-156.20445689791495,97.50074811938549,1.0011917675439233,-297.21634269810187,32.19905239000428,43.676195632608874,1.009034236028611,182.46946147047535,-97.1931204396748,29.804890796953128,1.0011917675439233,9.611213656367546,9.87213901271372,4.656270415139204,65.91001988125889,65.90976814338318,96.0,9.600000381469727,168.0,16.799999237060547,120.0,12.0,5.00000006675716e-11,0.0,81.83807373046875,0.0,81.83807373046875,0.0,-131.06999208050416,21.80472685853563,19.32825344902622,1.0107794104014964,-131.85989329394278,19.32771814381922,19.360053190323036,1.0107794104436163,160.11702882361553,-50.28285759425676,24.00682607564817,1.0090342361413327,160.11702866573515,-50.282858276331666,53.652958076708835,1.009034236028611,11.265071196682964,-69.93481337905169,5.066545490866881,1.0090048301464742,89.28595152257705,-29.593823681929905,13.431980194205655,1.0107794104436163,-89.17356939551462,-20.51070887620404,13.43198015869335,1.0102100667871747,8.618822615448222,0.10087411664947206,0.09149579728448397,115.19999694824219,11.520000457763672,96.0,9.600000381469727,96.0,9.600000381469727,16.799999237060547,1.6799999475479126,5.00000006675716e-11,0.0,62.2079963684082,0.0,62.2079963684082,0.0,81.83807373046875,0.0,81.83807373046875,0.0,46.59023287491668,-38.43386029708378,11.274219384291898,1.0131302020508628,46.59023269555657,-38.4338602745666,11.274219371885431,1.0131302020159458,12.280268631384239,-106.75137137741433,12.998872730252508,0.9943072834589813,-7.122656250351923,63.31279989598227,16.36109502162828,1.0078460068604507,6.186914142204161,-24.584615288450266,3.752810730284433,0.9943072834589813,11.637437707934932,11.637439361661125,0.0901540719026026,10.488781470273604,10.488781470251213,96.0,9.600000381469727,192.0,19.200000762939453,0.5833449959754944,0.0,0.5833449959754944,0.0,62.2079963684082,0.0,62.2079963684082,0.0,62.2079963684082,0.0,62.2079963684082,0.0,81.83807373046875,0.0,81.83807373046875,0.0,81.83807373046875,0.0,81.83807373046875,0.0,46.8470488568156,-14.518437899941421,12.60096661190051,1.0131302020159458,105.97053849572036,64.8646614920137,24.03678566793172,1.0102100668102805,104.84592023788004,67.08769605669833,24.101170009787978,1.0102100667871747,-99.77364804841115,-69.38830924665726,17.566315544499705,0.99857770922458,109.19427593832984,46.53587738110704,18.395099575407315,1.0037714381378327,109.19427655528746,46.535875131378845,18.395099483682056,1.003771438049033,62.71253388361287,59.61971807454101,13.003822919542793,0.9996386442329444,62.71253149088025,59.619743520165535,13.00382531535568,0.9996386442807695,10.40397932110706,10.403978735794794,8.03815330812351,8.05360389559737,6.240831703909238,5.943664012071942,0.09993774280631215,0.09993774281093268,0.27306354249861814,0.2730635424855496,18.86594641547118,47.531839335397,93.18046557047325,-76.86772057165038,-93.18046557047325,76.86772057165038,46.8470488568156,-14.518437899941421,-583.770045366369,182.0921677810582,210.25011646976378,172.16282211468203,93.18046557047325,-76.86772057165038,257.663507590416,117.43391964877061,-178.32924306874662,-212.93767399874397
9,108.0,10.800000190734863,81.0,8.100000381469727,108.0,10.800000190734863,216.0,21.600000381469727,0.8399999737739563,0.0,69.98400115966797,0.0,69.98400115966797,0.0,532.7999877929688,0.0,532.7999877929688,0.0,157.68071066169293,-69.2818992040159,30.789493201402674,1.009243033008189,157.68071082590342,-69.28189875163814,30.78949319278254,1.0092430331053608,647.2285985155172,-158.41478101697115,96.06228062729359,1.0011935036549593,-298.71180511245507,33.295910114840524,43.91242363343777,1.009243033008189,169.36074201380217,-97.38963869117921,28.16501179109272,1.0011935036549593,10.815417857625665,11.038464829754858,5.586346626297268,65.91012320989631,65.90987147266105,108.0,10.800000190734863,189.0,18.899999618530273,135.0,13.5,6.999999885293207e-11,0.0,92.06783294677734,0.0,92.06783294677734,0.0,-128.48420531625726,20.118685991535692,18.90978535733627,1.0108242403443788,-129.23585190835817,17.688381693065438,18.94061595010866,1.010824240391628,152.0888541113107,-48.68485946437009,22.838323935108072,1.0092430331053608,152.08885395991226,-48.684860082935856,51.041467651778326,1.009243033008189,12.80553682618769,-70.15526322362571,5.10053290560593,1.00904614016018,81.47515397100041,-28.637573632966777,12.331729433773008,1.010824240391628,-81.38163918328057,-21.67389752908268,12.331729399839913,1.010201817948818,8.680059686157668,0.10087824657109787,0.09149954324536068,129.60000610351562,12.960000038146973,108.0,10.800000190734863,108.0,10.800000190734863,18.899999618530273,1.8899999856948853,6.999999885293207e-11,0.0,69.98400115966797,0.0,69.98400115966797,0.0,92.06783294677734,0.0,92.06783294677734,0.0,52.29074100853577,-46.83647847405169,10.867726643728153,1.014069051862044,52.2907407992674,-46.83647840041591,10.86772663136978,1.0140690518380455,13.89226647166769,-110.5610332025611,13.44183092045296,0.9971108297404968,-8.185691518348225,42.15902145551529,13.367051148345904,1.0112171427595404,6.964417074908486,-49.48764988405523,7.234214083137481,0.9971108297404968,11.150828872573648,11.15083137276575,0.09075925362039802,12.343717141190599,12.343717140528152,108.0,10.800000190734863,216.0,21.600000381469727,0.7000139951705933,0.0,0.7000139951705933,0.0,69.98400115966797,0.0,69.98400115966797,0.0,69.98400115966797,0.0,69.98400115966797,0.0,92.06783294677734,0.0,92.06783294677734,0.0,92.06783294677734,0.0,92.06783294677734,0.0,21.780293221755286,-10.1733516365321,11.77071939081982,1.0140690518380455,72.32098509804291,66.66370387746397,20.095129008690765,1.010201817974829,71.09006953922074,68.23629842552796,20.147578818539756,1.010201817948818,-103.79848104083842,-68.95214836613866,18.00621324625988,0.9989001377102277,114.4244700022185,46.27455692041802,19.016293428776578,1.0040887796294724,114.4244706676717,46.274554707511044,19.016293352867304,1.0040887795491886,61.959865647093125,58.70241276819194,12.829482428369754,0.9999453651855507,61.95986321992217,58.70243728838932,12.829484721106962,0.9999453652393376,11.462188822071779,11.462188821797767,8.725110577221056,8.74313843082055,7.486614893615216,7.1301141930354115,0.09996840688669159,0.09996840689195331,0.27297978458809885,0.2729797845734634,19.734786307190223,39.30766349155934,104.58148180780316,-93.6729568744676,-104.58148180780316,93.6729568744676,21.780293221755286,-10.1733516365321,-562.4779387280712,175.78133687885395,143.0350382222332,176.5867499716867,104.58148180780316,-93.6729568744676,165.19134785901895,124.72665066645983,-205.9161035376423,-206.33474797632903
10,108.0,10.800000190734863,81.0,8.100000381469727,108.0,10.800000190734863,216.0,21.600000381469727,0.8399999737739563,0.0,69.98400115966797,0.0,69.98400115966797,0.0,532.7999877929688,0.0,532.7999877929688,0.0,157.68071066169293,-69.2818992040159,30.789493201402674,1.009243033008189,157.68071082590342,-69.28189875163814,30.78949319278254,1.0092430331053608,647.2285985155172,-158.41478101697115,96.06228062729359,1.0011935036549593,-298.71180511245507,33.295910114840524,43.91242363343777,1.009243033008189,169.36074201380217,-97.38963869117921,28.16501179109272,1.0011935036549593,10.815417857625665,11.038464829754858,5.586346626297268,65.91012320989631,65.90987147266105,108.0,10.800000190734863,189.0,18.899999618530273,135.0,13.5,7.999999968033578e-11,0.0,92.06783294677734,0.0,92.06783294677734,0.0,-128.48420531625726,20.118685991535692,18.90978535733627,1.0108242403443788,-129.23585190835817,17.688381693065438,18.94061595010866,1.010824240391628,152.0888541113107,-48.68485946437009,22.838323935108072,1.0092430331053608,152.08885395991226,-48.684860082935856,51.041467651778326,1.009243033008189,12.80553682618769,-70.15526322362571,5.10053290560593,1.00904614016018,81.47515397100041,-28.637573632966777,12.331729433773008,1.010824240391628,-81.38163918328057,-21.67389752908268,12.331729399839913,1.010201817948818,8.680059686157668,0.10087824657109787,0.09149954324536068,129.60000610351562,12.960000038146973,108.0,10.800000190734863,108.0,10.800000190734863,18.899999618530273,1.8899999856948853,7.999999968033578e-11,0.0,69.98400115966797,0.0,69.98400115966797,0.0,92.06783294677734,0.0,92.06783294677734,0.0,52.29074100853577,-46.83647847405169,10.867726643728153,1.014069051862044,52.2907407992674,-46.83647840041591,10.86772663136978,1.0140690518380455,13.89226647166769,-110.5610332025611,13.44183092045296,0.9971108297404968,-8.185691518348225,42.15902145551529,13.367051148345904,1.0112171427595404,6.964417074908486,-49.48764988405523,7.234214083137481,0.9971108297404968,11.150828872573648,11.15083137276575,0.09075925362039802,12.343717141190599,12.343717140528152,108.0,10.800000190734863,216.0,21.600000381469727,0.7000139951705933,0.0,0.7000139951705933,0.0,69.98400115966797,0.0,69.98400115966797,0.0,69.98400115966797,0.0,69.98400115966797,0.0,92.06783294677734,0.0,92.06783294677734,0.0,92.06783294677734,0.0,92.06783294677734,0.0,21.780293221755286,-10.1733516365321,11.77071939081982,1.0140690518380455,72.32098509804291,66.66370387746397,20.095129008690765,1.010201817974829,71.09006953922074,68.23629842552796,20.147578818539756,1.010201817948818,-103.79848104083842,-68.95214836613866,18.00621324625988,0.9989001377102277,114.4244700022185,46.27455692041802,19.016293428776578,1.0040887796294724,114.4244706676717,46.274554707511044,19.016293352867304,1.0040887795491886,61.959865647093125,58.70241276819194,12.829482428369754,0.9999453651855507,61.95986321992217,58.70243728838932,12.829484721106962,0.9999453652393376,11.462188822071779,11.462188821797767,8.725110577221056,8.74313843082055,7.486614893615216,7.1301141930354115,0.09996840688669159,0.09996840689195331,0.27297978458809885,0.2729797845734634,19.734786307190223,39.30766349155934,104.58148180780316,-93.6729568744676,-104.58148180780316,93.6729568744676,21.780293221755286,-10.1733516365321,-562.4779387280712,175.78133687885395,143.0350382222332,176.5867499716867,104.58148180780316,-93.6729568744676,165.19134785901895,124.72665066645983,-205.9161035376423,-206.33474797632903
11,120.0,12.0,90.0,9.0,120.0,12.0,240.0,24.0,0.699999988079071,0.0,77.75999450683594,0.0,77.75999450683594,0.0,532.7999877929688,0.0,532.7999877929688,0.0,160.2994265202709,-75.01793142389633,31.63050430174714,1.0095296527027469,160.29942670640105,-75.0179309504305,31.63050429323025,1.0095296527914537,636.4328344734072,-161.07416284699315,94.64040457454507,1.0012377499899305,-300.20424090172787,34.700036114471175,44.155890703839276,1.0095296527027469,156.25237021814624,-97.54076193624014,26.55386344844515,1.0012377499899305,12.019956094268624,12.208508113506115,4.653985520331124,65.91276183120488,65.91251011891156,120.0,12.0,210.0,21.0,150.0,15.0,9.000000050773949e-11,0.0,102.29759216308594,0.0,102.29759216308594,0.0,-123.43057235451533,18.05459025574371,18.146456752847193,1.0109480507346034,-124.13139696106563,15.71817574788033,18.175521727400724,1.0109480507869713,140.4132098101386,-46.85293293565906,21.163722721462573,1.0095296527914537,140.41320965930578,-46.85293352619933,47.29889425154969,1.0095296527027469,14.345774862368732,-70.68667969943436,5.1581608775289105,1.0091522771001438,71.1900550524177,-27.478703717338206,10.895013725228987,1.0109480507869713,-71.11872609230737,-23.08382545990284,10.895013693513436,1.0102730395912543,8.78216066129788,0.1008888574917694,0.09150916766305009,144.0,14.399999618530273,120.0,12.0,120.0,12.0,21.0,2.0999999046325684,9.000000050773949e-11,0.0,77.75999450683594,0.0,77.75999450683594,0.0,102.29759216308594,0.0,102.29759216308594,0.0,57.978052495932204,-56.433639205730316,11.50314657143785,1.015214240873866,57.97805233773286,-56.43363908449332,11.503146543434912,1.0152142408617655,15.536441465219301,-89.29375421294505,10.84861383736778,1.0048961673994679,-9.194946285902297,44.68396243693938,13.741003699150886,1.0151558224658164,7.738755496703437,-23.055439198733847,4.128714841913757,1.0048961673994679,12.96136017842847,12.961362574422797,0.09108336188598253,10.85663846562383,10.856638467187814,120.0,12.0,240.0,24.0,0.5833449959754944,0.0,0.5833449959754944,0.0,77.75999450683594,0.0,77.75999450683594,0.0,77.75999450683594,0.0,77.75999450683594,0.0,102.29759216308594,0.0,102.29759216308594,0.0,102.29759216308594,0.0,102.29759216308594,0.0,-5.310976375593715,-4.903909149689245,12.146806942789226,1.0152142408617655,32.582622618422796,69.19438125759507,17.030459917150566,1.010273039620155,31.21826551696786,69.99970510788506,17.070530973675808,1.0102730395912543,-97.60982357542484,-68.79870428730769,17.248146540091653,0.9993348082685992,109.4252943555302,46.12547932680217,18.382226661300972,1.0044602216585765,109.42529508452886,46.12547724750239,18.382226596862882,1.004460221592924,50.99068439940653,58.041320594081306,11.70194000375898,1.000353688440326,50.99068176420054,58.04134250276342,11.701942222245364,1.0003536885000648,12.540756796828722,12.54075558592379,9.435420706650676,9.45601207656023,6.236552395130119,5.939588528295398,0.10000922854222302,0.10000922854810572,0.2728683613035482,0.27286836128732167,20.698705424792237,28.952174975207562,115.95610483366507,-112.86727829022364,-115.95610483366507,112.86727829022364,-5.310976375593715,-4.903909149689245,-528.9220361279263,168.45898730053202,63.55030144317109,181.86697306818562,115.95610483366507,-112.86727829022364,58.48991175979694,134.2901772157909,-204.8841608677747,-199.6395361423587
12,120.0,12.0,90.0,9.0,120.0,12.0,240.0,24.0,0.699999988079071,0.0,77.75999450683594,0.0,77.75999450683594,0.0,532.7999877929688,0.0,532.7999877929688,0.0,160.2994265202709,-75.01793142389633,31.63050430174714,1.0095296527027469,160.29942670640105,-75.0179309504305,31.63050429323025,1.0095296527914537,636.4328344734072,-161.07416284699315,94.64040457454507,1.0012377499899305,-300.20424090172787,34.700036114471175,44.155890703839276,1.0095296527027469,156.25237021814624,-97.54076193624014,26.55386344844515,1.0012377499899305,12.019956094268624,12.208508113506115,4.653985520331124,65.91276183120488,65.91251011891156,120.0,12.0,210.0,21.0,150.0,15.0,1.000000013351432e-10,0.0,102.29759216308594,0.0,102.29759216308594,0.0,-123.43057235451533,18.05459025574371,18.146456752847193,1.0109480507346034,-124.13139696106563,15.71817574788033,18.175521727400724,1.0109480507869713,140.4132098101386,-46.85293293565906,21.163722721462573,1.0095296527914537,140.41320965930578,-46.85293352619933,47.29889425154969,1.0095296527027469,14.345774862368732,-70.68667969943436,5.1581608775289105,1.0091522771001438,71.1900550524177,-27.478703717338206,10.895013725228987,1.0109480507869713,-71.11872609230737,-23.08382545990284,10.895013693513436,1.0102730395912543,8.78216066129788,0.1008888574917694,0.09150916766305009,144.0,14.399999618530273,120.0,12.0,120.0,12.0,21.0,2.0999999046325684,1.000000013351432e-10,0.0,77.75999450683594,0.0,77.75999450683594,0.0,102.29759216308594,0.0,102.29759216308594,0.0,57.978052495932204,-56.433639205730316,11.50314657143785,1.015214240873866,57.97805233773286,-56.43363908449332,11.503146543434912,1.0152142408617655,15.536441465219301,-89.29375421294505,10.84861383736778,1.0048961673994679,-9.194946285902297,44.68396243693938,13.741003699150886,1.0151558224658164,7.738755496703437,-23.055439198733847,4.128714841913757,1.0048961673994679,12.96136017842847,12.961362574422797,0.09108336188598253,10.85663846562383,10.856638467187814,120.0,12.0,240.0,24.0,0.5833449959754944,0.0,0.5833449959754944,0.0,77.75999450683594,0.0,77.75999450683594,0.0,77.75999450683594,0.0,77.75999450683594,0.0,102.29759216308594,0.0,102.29759216308594,0.0,102.29759216308594,0.0,102.29759216308594,0.0,-5.310976375593715,-4.903909149689245,12.146806942789226,1.0152142408617655,32.582622618422796,69.19438125759507,17.030459917150566,1.010273039620155,31.21826551696786,69.99970510788506,17.070530973675808,1.0102730395912543,-97.60982357542484,-68.79870428730769,17.248146540091653,0.9993348082685992,109.4252943555302,46.12547932680217,18.382226661300972,1.0044602216585765,109.42529508452886,46.12547724750239,18.382226596862882,1.004460221592924,50.99068439940653,58.041320594081306,11.70194000375898,1.000353688440326,50.99068176420054,58.04134250276342,11.701942222245364,1.0003536885000648,12.540756796828722,12.54075558592379,9.435420706650676,9.45601207656023,6.236552395130119,5.939588528295398,0.10000922854222302,0.10000922854810572,0.2728683613035482,0.27286836128732167,20.698705424792237,28.952174975207562,115.95610483366507,-112.86727829022364,-115.95610483366507,112.86727829022364,-5.310976375593715,-4.903909149689245,-528.9220361279263,168.45898730053202,63.55030144317109,181.86697306818562,115.95610483366507,-112.86727829022364,58.48991175979694,134.2901772157909,-204.8841608677747,-199.6395361423587
13,120.0,12.0,90.0,9.0,120.0,12.0,240.0,24.0,0.699999988079071,0.0,77.75999450683594,0.0,77.75999450683594,0.0,532.7999877929688,0.0,532.7999877929688,0.0,160.2994265202709,-75.01793142389633,31.63050430174714,1.0095296527027469,160.29942670640105,-75.0179309504305,31.63050429323025,1.0095296527914537,636.4328344734072,-161.07416284699315,94.64040457454507,1.0012377499899305,-300.20424090172787,34.700036114471175,44.155890703839276,1.0095296527027469,156.25237021814624,-97.54076193624014,26.55386344844515,1.0012377499899305,12.019956094268624,12.208508113506115,4.653985520331124,65.91276183120488,65.91251011891156,120.0,12.0,210.0,21.0,150.0,15.0,9.000000050773949e-11,0.0,102.29759216308594,0.0,102.29759216308594,0.0,-123.43057235451533,18.05459025574371,18.146456752847193,1.0109480507346034,-124.13139696106563,15.71817574788033,18.175521727400724,1.0109480507869713,140.4132098101386,-46.85293293565906,21.163722721462573,1.0095296527914537,140.41320965930578,-46.85293352619933,47.29889425154969,1.0095296527027469,14.345774862368732,-70.68667969943436,5.1581608775289105,1.0091522771001438,71.1900550524177,-27.478703717338206,10.895013725228987,1.0109480507869713,-71.11872609230737,-23.08382545990284,10.895013693513436,1.0102730395912543,8.78216066129788,0.1008888574917694,0.09150916766305009,144.0,14.399999618530273,120.0,12.0,120.0,12.0,21.0,2.0999999046325684,9.000000050773949e-11,0.0,77.75999450683594,0.0,77.75999450683594,0.0,102.29759216308594,0.0,102.29759216308594,0.0,57.978052495932204,-56.433639205730316,11.50314657143785,1.015214240873866,57.97805233773286,-56.43363908449332,11.503146543434912,1.0152142408617655,15.536441465219301,-89.29375421294505,10.84861383736778,1.0048961673994679,-9.194946285902297,44.68396243693938,13.741003699150886,1.0151558224658164,7.738755496703437,-23.055439198733847,4.128714841913757,1.0048961673994679,12.96136017842847,12.961362574422797,0.09108336188598253,10.85663846562383,10.856638467187814,120.0,12.0,240.0,24.0,0.5833449959754944,0.0,0.5833449959754944,0.0,77.75999450683594,0.0,77.75999450683594,0.0,77.75999450683594,0.0,77.75999450683594,0.0,102.29759216308594,0.0,102.29759216308594,0.0,102.29759216308594,0.0,102.29759216308594,0.0,-5.310976375593715,-4.903909149689245,12.146806942789226,1.0152142408617655,32.582622618422796,69.19438125759507,17.030459917150566,1.010273039620155,31.21826551696786,69.99970510788506,17.070530973675808,1.0102730395912543,-97.60982357542484,-68.79870428730769,17.248146540091653,0.9993348082685992,109.4252943555302,46.12547932680217,18.382226661300972,1.0044602216585765,109.42529508452886,46.12547724750239,18.382226596862882,1.004460221592924,50.99068439940653,58.041320594081306,11.70194000375898,1.000353688440326,50.99068176420054,58.04134250276342,11.701942222245364,1.0003536885000648,12.540756796828722,12.54075558592379,9.435420706650676,9.45601207656023,6.236552395130119,5.939588528295398,0.10000922854222302,0.10000922854810572,0.2728683613035482,0.27286836128732167,20.698705424792237,28.952174975207562,115.95610483366507,-112.86727829022364,-115.95610483366507,112.86727829022364,-5.310976375593715,-4.903909149689245,-528.9220361279263,168.45898730053202,63.55030144317109,181.86697306818562,115.95610483366507,-112.86727829022364,58.48991175979694,134.2901772157909,-204.8841608677747,-199.6395361423587
14,108.0,10.800000190734863,81.0,8.100000381469727,108.0,10.800000190734863,216.0,21.600000381469727,0.5600000023841858,0.0,69.98400115966797,0.0,69.98400115966797,0.0,532.7999877929688,0.0,532.7999877929688,0.0,156.66893775919334,-69.26169172014716,30.62137875931314,1.0092807829800796,156.66893793015694,-69.2616912167443,30.62137874771585,1.009280783084337,647.2295581581084,-158.62830439362057,96.06769376879475,1.0012148077395993,-298.71071157652904,33.43639707915486,43.915577747375615,1.0092807829800796,169.3597130516912,-97.37826329458184,28.16346643833353,1.0012148077395993,10.81503909783144,11.036039270529946,3.724132464584589,65.91139240978097,65.91114068669349,108.0,10.800000190734863,189.0,18.899999618530273,135.0,13.5,7.999999968033578e-11,0.0,92.06783294677734,0.0,92.06783294677734,0.0,-126.00519629331504,19.979064153558035,18.57387513734708,1.0108941693742635,-126.74888616772523,17.596667173591904,18.603930570257845,1.0108941694215057,148.43688262067184,-48.79407735355663,22.34550319922402,1.009280783084337,148.43688246391892,-48.79407800767459,49.94006048962354,1.0092807829800796,12.805346336992592,-70.43020753148653,5.119585244469321,1.0091035593163882,78.99202626360966,-28.655988263837852,11.997863062323082,1.0108941694215057,-78.90412825378007,-21.72531035922302,11.997863028831517,1.0103046589090596,8.712967554626774,0.10088398698650428,0.09150474997110121,129.60000610351562,12.960000038146973,108.0,10.800000190734863,108.0,10.800000190734863,18.899999618530273,1.8899999856948853,7.999999968033578e-11,0.0,69.98400115966797,0.0,69.98400115966797,0.0,92.06783294677734,0.0,92.06783294677734,0.0,52.29095777719097,-46.76539540590232,10.875586107069658,1.0141137184456765,52.290957568263934,-46.765395329163866,10.87558609509586,1.0141137184226725,13.892271699485129,-110.63731324884172,13.450846436889458,0.9971193152575356,-8.185480307067916,42.23756654954718,13.378198959261475,1.0112385802327573,6.964376009247157,-49.493803192260195,7.2350337204526936,0.9971193152575356,11.152046942962366,11.152049445129997,0.09076010167589219,12.347528174650076,12.347528173973156,108.0,10.800000190734863,216.0,21.600000381469727,0.4666759967803955,0.0,0.4666759967803955,0.0,69.98400115966797,0.0,69.98400115966797,0.0,69.98400115966797,0.0,69.98400115966797,0.0,92.06783294677734,0.0,92.06783294677734,0.0,92.06783294677734,0.0,92.06783294677734,0.0,19.76540150480043,-10.17156412888453,11.70118978123597,1.0141137184226725,66.21954764235583,66.89436226700563,19.471319269784722,1.0103046589350595,64.97119754550211,68.34881995160875,19.52167047086483,1.0103046589090596,-93.60042506815502,-68.86792506792291,16.788365468232154,0.9990781438518215,104.21041207988533,46.0179517315736,17.74207705466532,1.0041797490479984,104.21041275323235,46.01794961561234,17.742076974198394,1.0041797489738093,51.75850644722502,58.5908235263377,11.835940118489386,1.0001069365662183,51.758503922420644,58.59084635785876,11.83594244388264,1.0001069366199964,11.443735689137492,11.443735686974197,8.700899410415953,8.718977324884548,4.990668101606017,4.753034054083565,0.0999845598026591,0.09998455980804263,0.27293568409765445,0.2729356840830228,19.82180949610559,35.24064393877248,104.5819153454549,-93.53079073506618,-104.5819153454549,93.53079073506618,19.76540150480043,-10.17156412888453,-550.1867246902899,175.9368782263347,130.84171241382944,177.1497110569816,104.5819153454549,-93.53079073506618,150.95614669265836,125.07161808972985,-177.3336013033244,-206.06571380704167
15,108.0,10.800000190734863,81.0,8.100000381469727,108.0,10.800000190734863,216.0,21.600000381469727,0.5600000023841858,0.0,69.98400115966797,0.0,69.98400115966797,0.0,532.7999877929688,0.0,532.7999877929688,0.0,156.66893775919334,-69.26169172014716,30.62137875931314,1.0092807829800796,156.66893793015694,-69.2616912167443,30.62137874771585,1.009280783084337,647.2295581581084,-158.62830439362057,96.06769376879475,1.0012148077395993,-298.71071157652904,33.43639707915486,43.915577747375615,1.0092807829800796,169.3597130516912,-97.37826329458184,28.16346643833353,1.0012148077395993,10.81503909783144,11.036039270529946,3.724132464584589,65.91139240978097,65.91114068669349,108.0,10.800000190734863,189.0,18.899999618530273,135.0,13.5,6.999999885293207e-11,0.0,92.06783294677734,0.0,92.06783294677734,0.0,-126.00519629331504,19.979064153558035,18.57387513734708,1.0108941693742635,-126.74888616772523,17.596667173591904,18.603930570257845,1.0108941694215057,148.43688262067184,-48.79407735355663,22.34550319922402,1.009280783084337,148.43688246391892,-48.79407800767459,49.94006048962354,1.0092807829800796,12.805346336992592,-70.43020753148653,5.119585244469321,1.0091035593163882,78.99202626360966,-28.655988263837852,11.997863062323082,1.0108941694215057,-78.90412825378007,-21.72531035922302,11.997863028831517,1.0103046589090596,8.712967554626774,0.10088398698650428,0.09150474997110121,129.60000610351562,12.960000038146973,108.0,10.800000190734863,108.0,10.800000190734863,18.899999618530273,1.8899999856948853,6.999999885293207e-11,0.0,69.98400115966797,0.0,69.98400115966797,0.0,92.06783294677734,0.0,92.06783294677734,0.0,52.29095777719097,-46.76539540590232,10.875586107069658,1.0141137184456765,52.290957568263934,-46.765395329163866,10.87558609509586,1.0141137184226725,13.892271699485129,-110.63731324884172,13.450846436889458,0.9971193152575356,-8.185480307067916,42.23756654954718,13.378198959261475,1.0112385802327573,6.964376009247157,-49.493803192260195,7.2350337204526936,0.9971193152575356,11.152046942962366,11.152049445129997,0.09076010167589219,12.347528174650076,12.347528173973156,108.0,10.800000190734863,216.0,21.600000381469727,0.4666759967803955,0.0,0.4666759967803955,0.0,69.98400115966797,0.0,69.98400115966797,0.0,69.98400115966797,0.0,69.98400115966797,0.0,92.06783294677734,0.0,92.06783294677734,0.0,92.06783294677734,0.0,92.06783294677734,0.0,19.76540150480043,-10.17156412888453,11.70118978123597,1.0141137184226725,66.21954764235583,66.89436226700563,19.471319269784722,1.0103046589350595,64.97119754550211,68.34881995160875,19.52167047086483,1.0103046589090596,-93.60042506815502,-68.86792506792291,16.788365468232154,0.9990781438518215,104.21041207988533,46.0179517315736,17.74207705466532,1.0041797490479984,104.21041275323235,46.01794961561234,17.742076974198394,1.0041797489738093,51.75850644722502,58.5908235263377,11.835940118489386,1.0001069365662183,51.758503922420644,58.59084635785876,11.83594244388264,1.0001069366199964,11.443735689137492,11.443735686974197,8.700899410415953,8.718977324884548,4.990668101606017,4.753034054083565,0.0999845598026591,0.09998455980804263,0.27293568409765445,0.2729356840830228,19.82180949610559,35.24064393877248,104.5819153454549,-93.53079073506618,-104.5819153454549,93.53079073506618,19.76540150480043,-10.17156412888453,-550.1867246902899,175.9368782263347,130.84171241382944,177.1497110569816,104.5819153454549,-93.53079073506618,150.95614669265836,125.07161808972985,-177.3336013033244,-206.06571380704167
16,96.0,9.600000381469727,72.0,7.199999809265137,96.0,9.600000381469727,192.0,19.200000762939453,0.41999998688697815,0.0,62.2079963684082,0.0,62.2079963684082,0.0,532.7999877929688,0.0,532.7999877929688,0.0,153.02287343694454,-64.29257426713829,29.676973578910875,1.0090830552882546,153.02287359558153,-64.29257373396848,29.67697356461108,1.009083055408062,658.0252135853002,-156.48056742184394,97.50745193650025,1.0012193165703498,-297.21485415330204,32.380641457253404,43.68021453605926,1.0090830552882546,182.46804985052154,-97.17841496469292,29.80289450084623,1.0012193165703498,9.610564729146935,9.868541638014708,2.7936742438128706,65.91166132707552,65.91140960270904,96.0,9.600000381469727,168.0,16.799999237060547,120.0,12.0,5.00000006675716e-11,0.0,81.83807373046875,0.0,81.83807373046875,0.0,-128.5901145157499,21.685543608194436,18.993408678121693,1.0108631749822645,-129.37245697397887,19.256503107911954,19.02443596437797,1.0108631750243773,156.46485171388923,-50.447438641406514,23.51499614180918,1.009083055408062,156.46485155074163,-50.44743935903285,52.55376526235314,1.0090830552882546,11.264843313002647,-70.26413401658714,5.089452165451192,1.0090736101720559,86.80212688452974,-29.659222405483614,13.097712462114247,1.0108631750243773,-86.69590941002701,-20.522838869729185,13.097712427020197,1.010333449737788,8.658401072005951,0.10088099285463059,0.09150203420536629,115.19999694824219,11.520000457763672,96.0,9.600000381469727,96.0,9.600000381469727,16.799999237060547,1.6799999475479126,5.00000006675716e-11,0.0,62.2079963684082,0.0,62.2079963684082,0.0,81.83807373046875,0.0,81.83807373046875,0.0,46.59057458773386,-38.344529343645476,11.285155020060124,1.0131859303613122,46.59057440865018,-38.344529318015404,11.28515500806128,1.013185930327391,12.280263174688066,-106.84615342399009,13.010125775313009,0.9943177999702653,-7.122343467774002,63.41152942762954,16.375101120845095,1.007872668903499,6.186881873035137,-24.591431614707545,3.7519605862452643,0.9943177999702653,11.641494385443877,11.641496034998891,0.09015511537898843,10.493330316134132,10.493330316140844,96.0,9.600000381469727,192.0,19.200000762939453,0.35000699758529663,0.0,0.35000699758529663,0.0,62.2079963684082,0.0,62.2079963684082,0.0,62.2079963684082,0.0,62.2079963684082,0.0,81.83807373046875,0.0,81.83807373046875,0.0,81.83807373046875,0.0,81.83807373046875,0.0,44.833168176180614,-14.554197969978066,12.451329076835501,1.013185930327391,99.86899122963034,65.01587519166395,23.238560056533178,1.0103334497608831,98.72847926909826,67.12060339980556,23.300694725790073,1.010333449737788,-89.57587779282127,-69.17288903100226,16.355397742960804,0.9987832414773463,98.98090886764835,46.15283348387878,17.127962847130014,1.0038797046727121,98.98090949158173,46.152831331181474,17.127962750357874,1.003879704590009,52.51131259108476,59.37683772930555,11.99555989534541,0.999825659599221,52.51131012788875,59.37686148422043,11.995562327828495,0.9998256596470371,10.378546744348668,10.378546159564113,8.005222768474226,8.020737004106676,3.744160268528433,3.5658805156207887,0.09995643945595369,0.09995643946079102,0.27301246711146576,0.2730124670983119,18.96984433797181,42.97199089748657,93.18114899638404,-76.68905866166088,-93.18114899638404,76.68905866166088,44.833168176180614,-14.554197969978066,-571.4766564653157,182.4037459958444,198.07224534688532,172.67745179945962,93.18114899638404,-76.68905866166088,243.43063867490923,117.58228062149145,-149.74638604412087,-212.31396853820553
17,108.0,10.800000190734863,81.0,8.100000381469727,108.0,10.800000190734863,216.0,21.600000381469727,0.5600000023841858,0.0,69.98400115966797,0.0,69.98400115966797,0.0,532.7999877929688,0.0,532.7999877929688,0.0,156.66893775919334,-69.26169172014716,30.62137875931314,1.0092807829800796,156.66893793015694,-69.2616912167443,30.62137874771585,1.009280783084337,647.2295581581084,-158.62830439362057,96.06769376879475,1.0012148077395993,-298.71071157652904,33.43639707915486,43.915577747375615,1.0092807829800796,169.3597130516912,-97.37826329458184,28.16346643833353,1.0012148077395993,10.81503909783144,11.036039270529946,3.724132464584589,65.91139240978097,65.91114068669349,108.0,10.800000190734863,189.0,18.899999618530273,135.0,13.5,2.999999901276418e-11,0.0,92.06783294677734,0.0,92.06783294677734,0.0,-126.00519629331504,19.979064153558035,18.57387513734708,1.0108941693742635,-126.74888616772523,17.596667173591904,18.603930570257845,1.0108941694215057,148.43688262067184,-48.79407735355663,22.34550319922402,1.009280783084337,148.43688246391892,-48.79407800767459,49.94006048962354,1.0092807829800796,12.805346336992592,-70.43020753148653,5.119585244469321,1.0091035593163882,78.99202626360966,-28.655988263837852,11.997863062323082,1.0108941694215057,-78.90412825378007,-21.72531035922302,11.997863028831517,1.0103046589090596,8.712967554626774,0.10088398698650428,0.09150474997110121,129.60000610351562,12.960000038146973,108.0,10.800000190734863,108.0,10.800000190734863,18.899999618530273,1.8899999856948853,2.999999901276418e-11,0.0,69.98400115966797,0.0,69.98400115966797,0.0,92.06783294677734,0.0,92.06783294677734,0.0,52.29095777719097,-46.76539540590232,10.875586107069658,1.0141137184456765,52.290957568263934,-46.765395329163866,10.87558609509586,1.0141137184226725,13.892271699485129,-110.63731324884172,13.450846436889458,0.9971193152575356,-8.185480307067916,42.23756654954718,13.378198959261475,1.0112385802327573,6.964376009247157,-49.493803192260195,7.2350337204526936,0.9971193152575356,11.152046942962366,11.152049445129997,0.09076010167589219,12.347528174650076,12.347528173973156,108.0,10.800000190734863,216.0,21.600000381469727,0.4666759967803955,0.0,0.4666759967803955,0.0,69.98400115966797,0.0,69.98400115966797,0.0,69.98400115966797,0.0,69.98400115966797,0.0,92.06783294677734,0.0,92.06783294677734,0.0,92.06783294677734,0.0,92.06783294677734,0.0,19.76540150480043,-10.17156412888453,11.70118978123597,1.0141137184226725,66.21954764235583,66.89436226700563,19.471319269784722,1.0103046589350595,64.97119754550211,68.34881995160875,19.52167047086483,1.0103046589090596,-93.60042506815502,-68.86792506792291,16.788365468232154,0.9990781438518215,104.21041207988533,46.0179517315736,17.74207705466532,1.0041797490479984,104.21041275323235,46.01794961561234,17.742076974198394,1.0041797489738093,51.75850644722502,58.5908235263377,11.835940118489386,1.0001069365662183,51.758503922420644,58.59084635785876,11.83594244388264,1.0001069366199964,11.443735689137492,11.443735686974197,8.700899410415953,8.718977324884548,4.990668101606017,4.753034054083565,0.0999845598026591,0.09998455980804263,0.27293568409765445,0.2729356840830228,19.82180949610559,35.24064393877248,104.5819153454549,-93.53079073506618,-104.5819153454549,93.53079073506618,19.76540150480043,-10.17156412888453,-550.1867246902899,175.9368782263347,130.84171241382944,177.1497110569816,104.5819153454549,-93.53079073506618,150.95614669265836,125.07161808972985,-177.3336013033244,-206.06571380704167
18,108.0,10.800000190734863,81.0,8.100000381469727,108.0,10.800000190734863,216.0,21.600000381469727,0.41999998688697815,0.0,69.98400115966797,0.0,69.98400115966797,0.0,532.7999877929688,0.0,532.7999877929688,0.0,156.16295717641128,-69.25366831734915,30.53769443499631,1.009293931667783,156.16295735063218,-69.25366778842482,30.537694421874097,1.0092939317755836,647.2298923302192,-158.70267882101112,96.06958140726329,1.0012222281610106,-298.71033055501863,33.485332545391884,43.91667848819136,1.009293931667783,169.3593546682563,-97.37430099909042,28.162928199594937,1.0012222281610106,10.814910826895456,11.035197707926395,2.7930905889909723,65.91183503554012,65.9115833140239,108.0,10.800000190734863,189.0,18.899999618530273,135.0,13.5,9.999999960041972e-12,0.0,92.06783294677734,0.0,92.06783294677734,0.0,-124.76564790486401,19.90921580630991,18.406196550939473,1.0109233544039011,-125.50535759195313,17.55077297140994,18.43586525884477,1.01092335445114,146.61076940633987,-48.83866682830922,22.099287501727172,1.0092939317755836,146.61076924705208,-48.83866750021166,49.389791978474165,1.009293931667783,12.805266708125256,-70.54496529244071,5.127537502752599,1.0091275233206005,77.75042906158325,-28.654082233926236,11.830931024557154,1.01092335445114,-77.66527381378627,-21.760747473968287,11.83093099128056,1.0103486773459611,8.72670318224535,0.10088638276062704,0.09150692300899199,129.60000610351562,12.960000038146973,108.0,10.800000190734863,108.0,10.800000190734863,18.899999618530273,1.8899999856948853,9.999999960041972e-12,0.0,69.98400115966797,0.0,69.98400115966797,0.0,92.06783294677734,0.0,92.06783294677734,0.0,52.291040530727614,-46.73831416238187,10.878581614005268,1.0141307341902743,52.291040321989755,-46.73831408409376,10.87858160222309,1.0141307341677674,13.8922737313424,-110.6663732882833,13.454281025932238,0.997122547534296,-8.185399691438406,42.267489146684596,13.382445733479095,1.011246746704704,6.964360514925179,-49.49614826235792,7.235346101949877,0.997122547534296,11.152511742502774,11.152514245150302,0.09076042473080496,12.348980087980152,12.34898008790643,108.0,10.800000190734863,216.0,21.600000381469727,0.35000699758529663,0.0,0.35000699758529663,0.0,69.98400115966797,0.0,69.98400115966797,0.0,69.98400115966797,0.0,69.98400115966797,0.0,92.06783294677734,0.0,92.06783294677734,0.0,92.06783294677734,0.0,92.06783294677734,0.0,18.75778302052003,-10.158989315908645,11.670379464893028,1.0141307341677674,63.16858438622075,67.02593765965963,19.176580054043214,1.0103486773719554,61.91120191559553,68.4213562230959,19.225900321833176,1.0103486773459611,-88.5003750700237,-68.83520875980268,16.196580403113998,0.9991578257891337,99.1029397449923,45.90572059545744,17.11811838254811,1.0042169546426802,99.10294042247388,45.9057185279488,17.118118299515288,1.0042169545715378,46.65693663542881,58.54578484023624,11.379662787248542,1.0001785689574798,46.656934056709574,58.545806827709455,11.379665124506683,1.0001785690112543,11.436261383740462,11.436261383565117,8.69108498936732,8.70918327830418,3.7429029515408767,3.5646830655346156,0.09999172116986067,0.09999172117528415,0.2729161367817515,0.2729161367669919,19.86082651093774,33.35393879645723,104.58208085271737,-93.47662824647563,-104.58208085271737,93.47662824647563,18.75778302052003,-10.158989315908645,-544.0409343733483,175.99278352373798,124.74322461827819,177.4551291846614,104.58208085271737,-93.47662824647563,143.8375693223363,125.28830456684689,-163.03949138404033,-205.94774843587265
19,84.0,8.399999618530273,63.0,6.300000190734863,84.0,8.399999618530273,168.0,16.799999237060547,0.41999998688697815,0.0,54.43199920654297,0.0,54.43199920654297,0.0,532.7999877929688,0.0,532.7999877929688,0.0,149.90110296910424,-64.94710675101703,29.197227916028627,1.00950758142547,149.9011031310795,-64.94710621546903,29.197227900729228,1.0095075815572085,668.8364495970179,-157.86191177727585,99.03490911950517,1.0015735371010737,-295.6980614634873,33.65723065732692,43.4972730796359,1.00950758142547,195.55963781669033,-96.76913229708032,31.443853535048866,1.0015735371010737,8.399329789564137,8.661380200659302,2.792499506785137,65.93311678792023,65.9328652349756,84.0,8.399999618530273,147.0,14.699999809265137,105.0,10.5,1.000000013351432e-10,0.0,71.60831451416016,0.0,71.60831451416016,0.0,-132.43012052254517,22.12254231784035,19.51415445129149,1.0112666904711223,-133.22916883162904,19.619786445192588,19.546377114761665,1.0112666905080798,166.29281452328138,-50.83009397501788,24.862175994805284,1.0095075815572085,166.29281435313766,-50.83009473825994,55.564583264900925,1.00950758142547,9.72313905474935,-71.80735283573156,5.180839101268235,1.0094004201821878,95.85544246369297,-30.213199427720987,14.344918474252518,1.0112666905080798,-95.72600150363064,-19.756095229397253,14.344918438216853,1.010710563283544,8.813929610829119,0.10091366531559988,0.0915316690907484,100.80000305175781,10.079999923706055,84.0,8.399999618530273,84.0,8.399999618530273,14.699999809265137,1.4700000286102295,1.000000013351432e-10,0.0,54.43199920654297,0.0,54.43199920654297,0.0,71.60831451416016,0.0,71.60831451416016,0.0,40.8797636790607,-38.00580476762719,10.89004539012294,1.01373964921112,40.87976349690526,-38.005804792284124,10.890045373154429,1.013739649165808,10.649402688286685,-108.20250253732524,13.148102175543528,0.9946394282132891,-6.106498907769165,64.68453382987857,16.546953971382063,1.0084463176142395,5.415604931264962,-24.812323733426044,3.6991177618765456,0.9946394282132891,10.76450998877763,10.76451155096048,0.09018820376610924,10.030913090888752,10.030913090936389,84.0,8.399999618530273,168.0,16.799999237060547,0.35000699758529663,0.0,0.35000699758529663,0.0,54.43199920654297,0.0,54.43199920654297,0.0,54.43199920654297,0.0,54.43199920654297,0.0,71.60831451416016,0.0,71.60831451416016,0.0,71.60831451416016,0.0,71.60831451416016,0.0,70.95311779364673,-14.113249417220935,14.70697564617192,1.013739649165808,136.5581600505811,64.78537693625468,28.34949323417806,1.010710563303715,135.4998260750013,67.60298759226072,28.42538916336446,1.010710563283544,-90.65168961627761,-69.91663180359083,16.547214033866982,0.9985978874092803,98.85970801430595,46.79937161977544,17.167115770454757,1.003762117999028,98.85970862355012,46.799369378453406,17.167115663394515,1.003762117904775,58.36602312665179,60.612619445223025,12.681337947214095,0.9996681219913947,58.36602069744555,60.612644969376184,12.681340467519517,0.9996681220332406,9.302705739326807,9.302705168931338,7.291360321716997,7.304388974580886,3.744598847425436,3.5662982116422217,0.09994068981186374,0.09994068981620872,0.27305549061917217,0.2730554906076692,18.2243189538223,53.967260056750334,81.75952717596596,-76.0116095599113,-81.75952717596596,76.0116095599113,70.95311779364673,-14.113249417220935,-598.863041981559,183.74701891500786,271.2461026540675,170.73536704583393,81.75952717596596,-76.0116095599113,343.01110391922913,118.27511511129447,-136.40935165662233,-215.05969129997595
20,60.0,6.0,45.0,4.5,60.0,6.0,120.0,12.0,0.2800000011920929,0.0,38.87999725341797,0.0,38.87999725341797,0.0,532.7999877929688,0.0,532.7999877929688,0.0,143.1620652390074,-66.12938644584469,28.164610915658717,1.0102065697625948,143.1620654115061,-66.12938588008598,28.164610896818417,1.0102065699217269,690.4535063602898,-159.8059791262957,102.06904517868547,1.0021929716575686,-292.6608500208999,35.704838866465906,43.12276899510627,1.0102065697625948,221.74847790643298,-95.92984634550558,34.7969507500215,1.0021929716575686,5.983110755453281,6.271110061205584,1.8604026515160181,65.97219621112028,65.97194494024791,60.0,6.0,105.0,10.5,75.0,7.5,1.000000013351432e-10,0.0,51.14879608154297,0.0,51.14879608154297,0.0,-138.86712380148896,22.81414977399728,20.386111996681386,1.0119246987552877,-139.69337709713128,20.187737184851507,20.420337562461068,1.011924698781947,184.10963307328277,-51.17911109954461,27.302898873459046,1.0102065699217269,184.10963288648742,-51.179111971817036,61.019365243189064,1.0102065697625948,6.640077187329567,-74.31101520066865,5.331353849843637,1.0099316152048547,112.71618735267862,-30.866973221835444,16.66940550655025,1.011924698781947,-112.53746295079188,-18.628359508374267,16.669405468952895,1.0112668448245563,9.069758604941661,0.10096677093725934,0.09157983745480645,72.0,7.199999809265137,60.0,6.0,60.0,6.0,10.5,1.0499999523162842,1.000000013351432e-10,0.0,38.87999725341797,0.0,38.87999725341797,0.0,51.14879608154297,0.0,51.14879608154297,0.0,29.464898363354557,-37.52578846428864,10.2187262432688,1.0146850314618276,29.46489817650567,-37.525788588085554,10.218726215768676,1.0146850313942544,7.385821806336693,-110.63216160575712,13.400344927793176,0.9952431480044619,-4.073676351138456,66.94682510480702,16.8541820078463,1.0095058747048054,3.8734399230363756,-25.226297368660195,3.701382209383692,0.9952431480044619,9.250640525981158,9.250641401942946,0.09025042299794146,9.29615781870239,9.296157818650316,60.0,6.0,120.0,12.0,0.23333799839019775,0.0,0.23333799839019775,0.0,38.87999725341797,0.0,38.87999725341797,0.0,38.87999725341797,0.0,38.87999725341797,0.0,51.14879608154297,0.0,51.14879608154297,0.0,51.14879608154297,0.0,51.14879608154297,0.0,122.19077485762742,-12.577112033670083,20.4079149197795,1.0146850313942544,206.86215157717697,65.15664050397142,39.268743931571436,1.0112668448388766,205.9455103038162,69.34199534567122,39.37176505150842,1.0112668448245563,-87.671090953043,-72.18401775644706,16.423831718890693,0.9980334086471824,93.47841687631275,48.815530215670215,16.70876273727887,1.0033560812478526,93.47841746365675,48.81552784612907,16.708762604274703,1.0033560811335798,64.94192835847127,63.85618831052989,13.674362803393603,0.9991642412549926,64.9419257715053,63.856216531530535,13.674365512672255,0.9991642412848977,7.338785642106845,7.338785126189318,6.072826227699169,6.080780510913108,2.497447602142387,2.3785294140034776,0.099890314905284,0.09989031490829459,0.2731931914990509,0.2731931914908611,16.811873101997683,74.97845735211996,58.92979653986023,-75.0515770523742,-58.92979653986023,75.0515770523742,122.19077485762742,-12.577112033670083,-647.4564830820239,185.31498035891138,411.1936575108765,166.68224666139128,58.92979653986023,-75.0515770523742,534.9984367386206,121.92152381597256,-95.33934105390617,-222.2286005184958
21,48.0,4.800000190734863,36.0,3.5999999046325684,48.0,4.800000190734863,96.0,9.600000381469727,0.2800000011920929,0.0,31.1039981842041,0.0,31.1039981842041,0.0,532.7999877929688,0.0,532.7999877929688,0.0,140.09019440242116,-70.26699763169502,28.038532780778763,1.0084915775613268,140.09019463054028,-70.26699706887224,28.038532767353324,1.0084915777325598,701.0759263496095,-179.70267237552946,104.57756125761651,0.9989041738592351,-291.2827157742629,37.9934997365435,43.085066381429215,1.0084915775613268,235.02113337465119,-112.87544610219587,37.67321772573097,0.9989041738592351,4.947900337873882,5.686566582039039,1.8635661785415598,66.77522294124797,66.77498908014854,48.0,4.800000190734863,84.0,8.399999618530273,60.0,6.0,1.000000013351432e-10,0.0,40.919036865234375,0.0,40.919036865234375,0.0,-142.5966615642548,27.03767010290362,21.091933364350698,1.0106734829183297,-143.51271958212988,24.347632947154274,21.127812036659748,1.010673482939913,193.89483042559948,-54.43142990657684,28.823405741062096,1.0084915777325598,193.89483018270772,-54.43143082064981,64.41755251927927,1.0084915775613268,5.1028886551773525,-69.34554535871744,4.973849824163317,1.0088996145394278,121.69891655753477,-32.038294537293645,17.972398775110015,1.010673482939913,-121.48991622931558,-17.005256734784822,17.972398734380953,1.0101036778635561,8.44918697634692,0.10086359783798693,0.09148625641258426,57.599998474121094,5.760000228881836,48.0,4.800000190734863,48.0,4.800000190734863,8.399999618530273,0.8399999737739563,1.000000013351432e-10,0.0,31.1039981842041,0.0,31.1039981842041,0.0,40.919036865234375,0.0,40.919036865234375,0.0,23.751734188761027,-39.64914530319006,9.626128230311986,1.0136674199593965,23.75173399538643,-39.649145476989105,9.626128196717742,1.0136674198803006,5.753657965681548,-109.30746173724278,13.228551184321999,0.9952597984404412,-3.064564851481883,65.43508125103855,16.634986635504863,1.0093185588604456,3.1030141294788365,-25.247014494758496,3.6889997942170143,0.9952597984404412,8.497120373652914,8.497120949504449,0.09025321898172865,8.892490836876703,8.892490836859174,48.0,4.800000190734863,96.0,9.600000381469727,0.23333799839019775,0.0,0.23333799839019775,0.0,31.1039981842041,0.0,31.1039981842041,0.0,31.1039981842041,0.0,31.1039981842041,0.0,40.919036865234375,0.0,40.919036865234375,0.0,40.919036865234375,0.0,40.919036865234375,0.0,148.4016625731774,-14.57547520513316,23.472218161069364,1.0136674198803006,243.37545906633437,60.664191308228524,44.99769747023939,1.0101036778750165,242.62375738090407,65.54989941124602,45.11464564349514,1.0101036778635561,-88.7415447022675,-75.29963857369616,16.8505353267623,0.9969118163156188,93.35422963103517,51.90144390121847,16.973523159480802,1.0024949965579706,93.35423019371282,51.9014414435909,16.973523009058063,1.0024949964320495,70.79303706695839,67.48112393804787,14.651796540436726,0.998108851081015,70.79303425376916,67.48115393970377,14.65179935968319,0.9981088511049643,6.758244798871457,6.758244576027746,5.90287606791505,5.9080928439669345,2.499592614172278,2.38057229656573,0.0997848034663337,0.09978480346858815,0.2734820598290796,0.27348205982242796,15.732275506879498,87.044902270945,47.50346818414746,-79.29829078017917,-47.50346818414746,79.29829078017917,148.4016625731774,-14.57547520513316,-674.6223686027254,199.71253219634434,483.8571207003513,154.23860438756907,47.50346818414746,-79.29829078017917,634.4008790204159,111.63861551434138,-81.89735545145186,-234.52964957934898
22,36.0,3.5999999046325684,27.0,2.700000047683716,36.0,3.5999999046325684,72.0,7.199999809265137,0.2800000011920929,0.0,23.327999114990234,0.0,23.327999114990234,0.0,532.7999877929688,0.0,532.7999877929688,0.0,136.96316118670865,-70.03805849899561,27.48037355227616,1.0099805503022166,136.96316140568416,-70.0380579323134,27.480373536034698,1.0099805504852395,711.9498515115143,-181.10555643518643,105.9983016884478,1.0003347190071437,-289.69941267715444,41.539658334176536,42.94414714497702,1.0099805503022166,248.05327371711402,-108.75553408328605,39.08034157296372,1.0003347190071437,3.6404921390985634,4.332655803908462,1.8608189593055755,66.67417900161628,66.67394548988797,36.0,3.5999999046325684,63.0,6.300000190734863,45.0,4.5,1.000000013351432e-10,0.0,30.68927764892578,0.0,30.68927764892578,0.0,-146.42210839703324,27.634104187711337,21.59582787110274,1.0121622709986342,-147.3581307897677,24.871026787642727,21.63284971913407,1.0121622710150555,203.73775163374788,-56.723444412728526,30.223824131932155,1.0099805504852395,203.73775138907055,-56.723445372933156,67.5473535618349,1.0099805503022166,3.558129145794396,-75.1619102100003,5.376026379287218,1.0101174942510438,130.7369940470558,-34.836874807646055,19.29404250457045,1.0121622710150555,-130.49600400743702,-14.026572239809475,19.29404246549613,1.0119124778244177,9.143018127179435,0.10098535398470418,0.09159669282666026,43.20000076293945,4.320000171661377,36.0,3.5999999046325684,36.0,3.5999999046325684,6.300000190734863,0.6299999952316284,1.000000013351432e-10,0.0,23.327999114990234,0.0,23.327999114990234,0.0,30.68927764892578,0.0,30.68927764892578,0.0,18.057028749407664,-37.76076998682505,9.662995436539127,1.0151348355380707,18.05702855129467,-37.76077021078163,9.662995397405872,1.0151348354477163,4.119958382241457,-112.20847090495329,13.563433000351472,0.9957416724961284,-2.0409191417917896,68.33328873007622,17.042165975397957,1.0103152248705347,2.3318131343744373,-25.56912092315467,3.7217482723603124,0.9957416724961284,8.161838912025132,8.161839363918984,0.09030216121193255,8.831566938216383,8.83156693814327,36.0,3.5999999046325684,72.0,7.199999809265137,0.23333799839019775,0.0,0.23333799839019775,0.0,23.327999114990234,0.0,23.327999114990234,0.0,23.327999114990234,0.0,23.327999114990234,0.0,30.68927764892578,0.0,30.68927764892578,0.0,30.68927764892578,0.0,30.68927764892578,0.0,174.4799889930882,-15.327817679191426,26.720604045597707,1.0151348354477163,280.004336272669,56.479133998739584,50.80997700315202,1.0119124778329833,279.41132426111204,62.06824202239278,50.94086496833923,1.0119124778244177,-89.76762797606723,-68.25786323817614,16.297161168673068,0.9987710682309305,93.17447491284187,44.59824214700552,16.314156196084728,1.0037975672054682,93.17447537890553,44.59823961090281,16.314156044604246,1.0037975670682846,76.59215872228253,60.88914815370566,14.58659817582521,0.9998713517372754,76.59215395332136,60.88918008812738,14.586600660720775,0.9998713517552057,5.341298224706121,5.3412980136812225,4.738657432916725,4.742301557294025,2.496349262026562,2.3774833685760113,0.09996100747583465,0.09996100747767488,0.2729999911281171,0.27299999112319334,9.029979707644882,99.61036800818634,36.114057300702335,-75.52154019760668,-36.114057300702335,75.52154019760668,174.4799889930882,-15.327817679191426,-702.0151399789856,205.27211802460582,556.6652164312695,142.06018475651354,36.114057300702335,-75.52154019760668,733.8956495268692,103.21955834194094,-68.44352167538256,-215.09444492535425
23,36.0,3.5999999046325684,27.0,2.700000047683716,36.0,3.5999999046325684,72.0,7.199999809265137,0.2800000011920929,0.0,23.327999114990234,0.0,23.327999114990234,0.0,532.7999877929688,0.0,532.7999877929688,0.0,136.96316118670865,-70.03805849899561,27.48037355227616,1.0099805503022166,136.96316140568416,-70.0380579323134,27.480373536034698,1.0099805504852395,711.9498515115143,-181.10555643518643,105.9983016884478,1.0003347190071437,-289.69941267715444,41.539658334176536,42.94414714497702,1.0099805503022166,248.05327371711402,-108.75553408328605,39.08034157296372,1.0003347190071437,3.6404921390985634,4.332655803908462,1.8608189593055755,66.67417900161628,66.67394548988797,36.0,3.5999999046325684,63.0,6.300000190734863,45.0,4.5,1.000000013351432e-10,0.0,30.68927764892578,0.0,30.68927764892578,0.0,-146.42210839703324,27.634104187711337,21.59582787110274,1.0121622709986342,-147.3581307897677,24.871026787642727,21.63284971913407,1.0121622710150555,203.73775163374788,-56.723444412728526,30.223824131932155,1.0099805504852395,203.73775138907055,-56.723445372933156,67.5473535618349,1.0099805503022166,3.558129145794396,-75.1619102100003,5.376026379287218,1.0101174942510438,130.7369940470558,-34.836874807646055,19.29404250457045,1.0121622710150555,-130.49600400743702,-14.026572239809475,19.29404246549613,1.0119124778244177,9.143018127179435,0.10098535398470418,0.09159669282666026,43.20000076293945,4.320000171661377,36.0,3.5999999046325684,36.0,3.5999999046325684,6.300000190734863,0.6299999952316284,1.000000013351432e-10,0.0,23.327999114990234,0.0,23.327999114990234,0.0,30.68927764892578,0.0,30.68927764892578,0.0,18.057028749407664,-37.76076998682505,9.662995436539127,1.0151348355380707,18.05702855129467,-37.76077021078163,9.662995397405872,1.0151348354477163,4.119958382241457,-112.20847090495329,13.563433000351472,0.9957416724961284,-2.0409191417917896,68.33328873007622,17.042165975397957,1.0103152248705347,2.3318131343744373,-25.56912092315467,3.7217482723603124,0.9957416724961284,8.161838912025132,8.161839363918984,0.09030216121193255,8.831566938216383,8.83156693814327,36.0,3.5999999046325684,72.0,7.199999809265137,0.23333799839019775,0.0,0.23333799839019775,0.0,23.327999114990234,0.0,23.327999114990234,0.0,23.327999114990234,0.0,23.327999114990234,0.0,30.68927764892578,0.0,30.68927764892578,0.0,30.68927764892578,0.0,30.68927764892578,0.0,174.4799889930882,-15.327817679191426,26.720604045597707,1.0151348354477163,280.004336272669,56.479133998739584,50.80997700315202,1.0119124778329833,279.41132426111204,62.06824202239278,50.94086496833923,1.0119124778244177,-89.76762797606723,-68.25786323817614,16.297161168673068,0.9987710682309305,93.17447491284187,44.59824214700552,16.314156196084728,1.0037975672054682,93.17447537890553,44.59823961090281,16.314156044604246,1.0037975670682846,76.59215872228253,60.88914815370566,14.58659817582521,0.9998713517372754,76.59215395332136,60.88918008812738,14.586600660720775,0.9998713517552057,5.341298224706121,5.3412980136812225,4.738657432916725,4.742301557294025,2.496349262026562,2.3774833685760113,0.09996100747583465,0.09996100747767488,0.2729999911281171,0.27299999112319334,9.029979707644882,99.61036800818634,36.114057300702335,-75.52154019760668,-36.114057300702335,75.52154019760668,174.4799889930882,-15.327817679191426,-702.0151399789856,205.27211802460582,556.6652164312695,142.06018475651354,36.114057300702335,-75.52154019760668,733.8956495268692,103.21955834194094,-68.44352167538256,-215.09444492535425
